timestamp,x,y,z
0,500.0,500.0,20.0
0.1,500.0,500.0,20.0
0.2,500.0,500.0,20.0
0.30000000000000004,500.0,500.0,20.0
0.4,500.0,500.0,20.0
0.5,500.0,500.0,20.0
0.6,500.0,500.0,20.0
0.7,500.0,500.0,20.0
0.7999999999999999,500.0,500.0,20.0
0.8999999999999999,500.0,500.0,20.0
0.9999999999999999,500.0,500.0,20.0
1.0999999999999999,500.0,500.0,20.0
1.2,500.0,500.0,20.0
1.3,500.0,500.0,20.0
1.4000000000000001,500.0,500.0,20.0
1.5000000000000002,500.0,500.0,20.0
1.6000000000000003,500.0,500.0,20.0
1.7000000000000004,500.0,500.0,20.0
1.8000000000000005,500.0,500.0,20.0
1.9000000000000006,500.0,500.0,20.0
2.0000000000000004,500.0,500.0,20.0
2.1000000000000005,500.0,500.0,20.0
2.2000000000000006,500.0,500.0,20.0
2.3000000000000007,500.0,500.0,20.0
2.400000000000001,500.0,500.0,20.0
2.500000000000001,500.0,500.0,20.0
2.600000000000001,500.0,500.0,20.0
2.700000000000001,500.0,500.0,20.0
2.800000000000001,500.0,500.0,20.0
2.9000000000000012,500.0,500.0,20.0
3.0000000000000013,500.0,500.0,20.0
3.1000000000000014,500.0,500.0,20.0
3.2000000000000015,500.0,500.0,20.0
3.3000000000000016,500.0,500.0,20.0
3.4000000000000017,500.0,500.0,20.0
3.5000000000000018,500.0,500.0,20.0
3.600000000000002,500.0,500.0,20.0
3.700000000000002,500.0,500.0,20.0
3.800000000000002,500.0,500.0,20.0
3.900000000000002,500.0,500.0,20.0
4.000000000000002,500.0,500.0,20.0
4.100000000000001,500.0,500.0,20.0
4.200000000000001,500.0,500.0,20.0
4.300000000000001,500.0,500.0,20.0
4.4,500.0,500.0,20.0
4.5,500.0,500.0,20.0
4.6,500.0,500.0,20.0
4.699999999999999,500.0,500.0,20.0
4.799999999999999,500.0,500.0,20.0
4.899999999999999,500.0,500.0,20.0
4.999999999999998,500.0,500.0,20.0
5.099999999999998,500.0,500.0,20.0
5.1999999999999975,500.0,500.0,20.0
5.299999999999997,500.0,500.0,20.0
5.399999999999997,500.0,500.0,20.0
5.4999999999999964,500.0,500.0,20.0
5.599999999999996,500.0,500.0,20.0
5.699999999999996,500.0,500.0,20.0
5.799999999999995,500.0,500.0,20.0
5.899999999999995,500.0,500.0,20.0
5.999999999999995,500.0,500.0,20.0
6.099999999999994,500.0,500.0,20.0
6.199999999999994,500.0,500.0,20.0
6.299999999999994,500.0,500.0,20.0
6.399999999999993,500.0,500.0,20.0
6.499999999999993,500.0,500.0,20.0
6.5999999999999925,500.0,500.0,20.0
6.699999999999992,500.0,500.0,20.0
6.799999999999992,500.0,500.0,20.0
6.8999999999999915,500.0,500.0,20.0
6.999999999999991,500.0,500.0,20.0
7.099999999999991,500.0,500.0,20.0
7.19999999999999,500.0,500.0,20.0
7.29999999999999,500.0,500.0,20.0
7.39999999999999,500.0,500.0,20.0
7.499999999999989,500.0,500.0,20.0
7.599999999999989,500.0,500.0,20.0
7.699999999999989,500.0,500.0,20.0
7.799999999999988,500.0,500.0,20.0
7.899999999999988,500.0,500.0,20.0
7.999999999999988,500.0,500.0,20.0
8.099999999999987,500.0,500.0,20.0
8.199999999999987,500.0,500.0,20.0
8.299999999999986,500.0,500.0,20.0
8.399999999999986,500.0,500.0,20.0
8.499999999999986,500.0,500.0,20.0
8.599999999999985,500.0,500.0,20.0
8.699999999999985,500.0,500.0,20.0
8.799999999999985,500.0,500.0,20.0
8.899999999999984,500.0,500.0,20.0
8.999999999999984,500.0,500.0,20.0
9.099999999999984,500.0,500.0,20.0
9.199999999999983,500.0,500.0,20.0
9.299999999999983,500.0,500.0,20.0
9.399999999999983,500.0,500.0,20.0
9.499999999999982,500.0,500.0,20.0
9.599999999999982,500.0,500.0,20.0
9.699999999999982,500.0,500.0,20.0
9.799999999999981,500.0,500.0,20.0
9.89999999999998,500.0,500.0,20.0
9.99999999999998,500.0,500.0,20.0
10.09999999999998,500.0,500.0,20.0
10.19999999999998,500.0,500.0,20.0
10.29999999999998,500.0,500.0,20.0
10.399999999999979,500.0,500.0,20.0
10.499999999999979,500.0,500.0,20.0
10.599999999999978,500.0,500.0,20.0
10.699999999999978,500.0,500.0,20.0
10.799999999999978,500.0,500.0,20.0
10.899999999999977,500.0,500.0,20.0
10.999999999999977,500.0,500.0,20.0
11.099999999999977,500.0,500.0,20.0
11.199999999999976,500.0,500.0,20.0
11.299999999999976,500.0,500.0,20.0
11.399999999999975,500.0,500.0,20.0
11.499999999999975,500.0,500.0,20.0
11.599999999999975,500.0,500.0,20.0
11.699999999999974,500.0,500.0,20.0
11.799999999999974,500.0,500.0,20.0
11.899999999999974,500.0,500.0,20.0
11.999999999999973,500.0,500.0,20.0
12.099999999999973,500.0,500.0,20.0
12.199999999999973,500.0,500.0,20.0
12.299999999999972,500.0,500.0,20.0
12.399999999999972,500.0,500.0,20.0
12.499999999999972,500.0,500.0,20.0
12.599999999999971,500.0,500.0,20.0
12.69999999999997,500.0,500.0,20.0
12.79999999999997,500.0,500.0,20.0
12.89999999999997,500.0,500.0,20.0
12.99999999999997,500.0,500.0,20.0
13.09999999999997,500.0,500.0,20.0
13.199999999999969,500.0,500.0,20.0
13.299999999999969,500.0,500.0,20.0
13.399999999999968,500.0,500.0,20.0
13.499999999999968,500.0,500.0,20.0
13.599999999999968,500.0,500.0,20.0
13.699999999999967,500.0,500.0,20.0
13.799999999999967,500.0,500.0,20.0
13.899999999999967,500.0,500.0,20.0
13.999999999999966,500.0,500.0,20.0
14.099999999999966,500.0,500.0,20.0
14.199999999999966,500.0,500.0,20.0
14.299999999999965,500.0,500.0,20.0
14.399999999999965,500.0,500.0,20.0
14.499999999999964,500.0,500.0,20.0
14.599999999999964,500.0,500.0,20.0
14.699999999999964,500.0,500.0,20.0
14.799999999999963,500.0,500.0,20.0
14.899999999999963,500.0,500.0,20.0
14.999999999999963,500.0,500.0,20.0
15.099999999999962,500.0,500.0,20.0
15.199999999999962,500.0,500.0,20.0
15.299999999999962,500.0,500.0,20.0
15.399999999999961,500.0,500.0,20.0
15.499999999999961,500.0,500.0,20.0
15.59999999999996,500.0,500.0,20.0
15.69999999999996,500.0,500.0,20.0
15.79999999999996,500.0,500.0,20.0
15.89999999999996,500.0,500.0,20.0
15.99999999999996,500.0,500.0,20.0
16.09999999999996,500.0,500.0,20.0
16.19999999999996,500.0,500.0,20.0
16.29999999999996,500.0,500.0,20.0
16.399999999999963,500.0,500.0,20.0
16.499999999999964,500.0,500.0,20.0
16.599999999999966,500.0,500.0,20.0
16.699999999999967,500.0,500.0,20.0
16.79999999999997,500.0,500.0,20.0
16.89999999999997,500.0,500.0,20.0
16.99999999999997,500.0,500.0,20.0
17.099999999999973,500.0,500.0,20.0
17.199999999999974,500.0,500.0,20.0
17.299999999999976,500.0,500.0,20.0
17.399999999999977,500.0,500.0,20.0
17.49999999999998,500.0,500.0,20.0
17.59999999999998,500.0,500.0,20.0
17.69999999999998,500.0,500.0,20.0
17.799999999999983,500.0,500.0,20.0
17.899999999999984,500.0,500.0,20.0
17.999999999999986,500.0,500.0,20.0
18.099999999999987,500.0,500.0,20.0
18.19999999999999,500.0,500.0,20.0
18.29999999999999,500.0,500.0,20.0
18.39999999999999,500.0,500.0,20.0
18.499999999999993,500.0,500.0,20.0
18.599999999999994,500.0,500.0,20.0
18.699999999999996,500.0,500.0,20.0
18.799999999999997,500.0,500.0,20.0
18.9,500.0,500.0,20.0
19.0,500.0,500.0,20.0
19.1,500.0,500.0,20.0
19.200000000000003,500.0,500.0,20.0
19.300000000000004,500.0,500.0,20.0
19.400000000000006,500.0,500.0,20.0
19.500000000000007,500.0,500.0,20.0
19.60000000000001,500.0,500.0,20.0
19.70000000000001,500.0,500.0,20.0
19.80000000000001,500.0,500.0,20.0
19.900000000000013,500.0,500.0,20.0
20.000000000000014,500.0,500.0,20.0
20.100000000000016,500.0,500.0,20.0
20.200000000000017,500.0,500.0,20.0
20.30000000000002,500.0,500.0,20.0
20.40000000000002,500.0,500.0,20.0
20.50000000000002,500.0,500.0,20.0
20.600000000000023,500.0,500.0,20.0
20.700000000000024,500.0,500.0,20.0
20.800000000000026,500.0,500.0,20.0
20.900000000000027,500.0,500.0,20.0
21.00000000000003,500.0,500.0,20.0
21.10000000000003,500.0,500.0,20.0
21.20000000000003,500.0,500.0,20.0
21.300000000000033,500.0,500.0,20.0
21.400000000000034,500.0,500.0,20.0
21.500000000000036,500.0,500.0,20.0
21.600000000000037,500.0,500.0,20.0
21.70000000000004,500.0,500.0,20.0
21.80000000000004,500.0,500.0,20.0
21.90000000000004,500.0,500.0,20.0
22.000000000000043,500.0,500.0,20.0
22.100000000000044,500.0,500.0,20.0
22.200000000000045,500.0,500.0,20.0
22.300000000000047,500.0,500.0,20.0
22.40000000000005,500.0,500.0,20.0
22.50000000000005,500.0,500.0,20.0
22.60000000000005,500.0,500.0,20.0
22.700000000000053,500.0,500.0,20.0
22.800000000000054,500.0,500.0,20.0
22.900000000000055,500.0,500.0,20.0
23.000000000000057,500.0,500.0,20.0
23.10000000000006,500.0,500.0,20.0
23.20000000000006,500.0,500.0,20.0
23.30000000000006,500.0,500.0,20.0
23.400000000000063,500.0,500.0,20.0
23.500000000000064,500.0,500.0,20.0
23.600000000000065,500.0,500.0,20.0
23.700000000000067,500.0,500.0,20.0
23.800000000000068,500.0,500.0,20.0
23.90000000000007,500.0,500.0,20.0
24.00000000000007,500.0,500.0,20.0
24.100000000000072,500.0,500.0,20.0
24.200000000000074,500.0,500.0,20.0
24.300000000000075,500.0,500.0,20.0
24.400000000000077,500.0,500.0,20.0
24.500000000000078,500.0,500.0,20.0
24.60000000000008,500.0,500.0,20.0
24.70000000000008,500.0,500.0,20.0
24.800000000000082,500.0,500.0,20.0
24.900000000000084,500.0,500.0,20.0
25.000000000000085,500.0,500.0,20.0
25.100000000000087,500.0,500.0,20.0
25.200000000000088,500.0,500.0,20.0
25.30000000000009,500.0,500.0,20.0
25.40000000000009,500.0,500.0,20.0
25.500000000000092,500.0,500.0,20.0
25.600000000000094,500.0,500.0,20.0
25.700000000000095,500.0,500.0,20.0
25.800000000000097,500.0,500.0,20.0
25.900000000000098,500.0,500.0,20.0
26.0000000000001,500.0,500.0,20.0
26.1000000000001,500.0,500.0,20.0
26.200000000000102,500.0,500.0,20.0
26.300000000000104,500.0,500.0,20.0
26.400000000000105,500.0,500.0,20.0
26.500000000000107,500.0,500.0,20.0
26.600000000000108,500.0,500.0,20.0
26.70000000000011,500.0,500.0,20.0
26.80000000000011,500.0,500.0,20.0
26.900000000000112,500.0,500.0,20.0
27.000000000000114,500.0,500.0,20.0
27.100000000000115,500.0,500.0,20.0
27.200000000000117,500.0,500.0,20.0
27.300000000000118,500.0,500.0,20.0
27.40000000000012,500.0,500.0,20.0
27.50000000000012,500.0,500.0,20.0
27.600000000000122,500.0,500.0,20.0
27.700000000000124,500.0,500.0,20.0
27.800000000000125,500.0,500.0,20.0
27.900000000000126,500.0,500.0,20.0
28.000000000000128,500.0,500.0,20.0
28.10000000000013,500.0,500.0,20.0
28.20000000000013,500.0,500.0,20.0
28.300000000000132,500.0,500.0,20.0
28.400000000000134,500.0,500.0,20.0
28.500000000000135,500.0,500.0,20.0
28.600000000000136,500.0,500.0,20.0
28.700000000000138,500.0,500.0,20.0
28.80000000000014,500.0,500.0,20.0
28.90000000000014,500.0,500.0,20.0
29.000000000000142,500.0,500.0,20.0
29.100000000000144,500.0,500.0,20.0
29.200000000000145,500.0,500.0,20.0
29.300000000000146,500.0,500.0,20.0
29.400000000000148,500.0,500.0,20.0
29.50000000000015,500.0,500.0,20.0
29.60000000000015,500.0,500.0,20.0
29.700000000000152,500.0,500.0,20.0
29.800000000000153,500.0,500.0,20.0
29.900000000000155,500.0,500.0,20.0
30.000000000000156,500.0,500.0,20.0
30.100000000000158,500.0,500.0,20.0
30.20000000000016,500.0,500.0,20.0
30.30000000000016,500.0,500.0,20.0
30.400000000000162,500.0,500.0,20.0
30.500000000000163,500.0,500.0,20.0
30.600000000000165,500.0,500.0,20.0
30.700000000000166,500.0,500.0,20.0
30.800000000000168,500.0,500.0,20.0
30.90000000000017,500.0,500.0,20.0
31.00000000000017,500.0,500.0,20.0
31.100000000000172,500.0,500.0,20.0
31.200000000000173,500.0,500.0,20.0
31.300000000000175,500.0,500.0,20.0
31.400000000000176,500.0,500.0,20.0
31.500000000000178,500.0,500.0,20.0
31.60000000000018,500.0,500.0,20.0
31.70000000000018,500.0,500.0,20.0
31.800000000000182,500.0,500.0,20.0
31.900000000000183,500.0,500.0,20.0
32.000000000000185,500.0,500.0,20.0
32.100000000000186,500.0,500.0,20.0
32.20000000000019,500.0,500.0,20.0
32.30000000000019,500.0,500.0,20.0
32.40000000000019,500.0,500.0,20.0
32.50000000000019,500.0,500.0,20.0
32.60000000000019,500.0,500.0,20.0
32.700000000000195,500.0,500.0,20.0
32.800000000000196,500.0,500.0,20.0
32.9000000000002,500.0,500.0,20.0
33.0000000000002,500.0,500.0,20.0
33.1000000000002,500.0,500.0,20.0
33.2000000000002,500.0,500.0,20.0
33.3000000000002,500.0,500.0,20.0
33.400000000000205,500.0,500.0,20.0
33.500000000000206,500.0,500.0,20.0
33.60000000000021,500.0,500.0,20.0
33.70000000000021,500.0,500.0,20.0
33.80000000000021,500.0,500.0,20.0
33.90000000000021,500.0,500.0,20.0
34.00000000000021,500.0,500.0,20.0
34.100000000000215,500.0,500.0,20.0
34.200000000000216,500.0,500.0,20.0
34.30000000000022,500.0,500.0,20.0
34.40000000000022,500.0,500.0,20.0
34.50000000000022,500.0,500.0,20.0
34.60000000000022,500.0,500.0,20.0
34.70000000000022,500.0,500.0,20.0
34.800000000000225,500.0,500.0,20.0
34.900000000000226,500.0,500.0,20.0
35.00000000000023,500.0,500.0,20.0
35.10000000000023,500.0,500.0,20.0
35.20000000000023,500.0,500.0,20.0
35.30000000000023,500.0,500.0,20.0
35.40000000000023,500.0,500.0,20.0
35.500000000000234,500.0,500.0,20.0
35.600000000000236,500.0,500.0,20.0
35.70000000000024,500.0,500.0,20.0
35.80000000000024,500.0,500.0,20.0
35.90000000000024,500.0,500.0,20.0
36.00000000000024,500.0,500.0,20.0
36.10000000000024,500.0,500.0,20.0
36.200000000000244,500.0,500.0,20.0
36.300000000000246,500.0,500.0,20.0
36.40000000000025,500.0,500.0,20.0
36.50000000000025,500.0,500.0,20.0
36.60000000000025,500.0,500.0,20.0
36.70000000000025,500.0,500.0,20.0
36.80000000000025,500.0,500.0,20.0
36.900000000000254,500.0,500.0,20.0
37.000000000000256,500.0,500.0,20.0
37.10000000000026,500.0,500.0,20.0
37.20000000000026,500.0,500.0,20.0
37.30000000000026,500.0,500.0,20.0
37.40000000000026,500.0,500.0,20.0
37.50000000000026,500.0,500.0,20.0
37.600000000000264,500.0,500.0,20.0
37.700000000000266,500.0,500.0,20.0
37.80000000000027,500.0,500.0,20.0
37.90000000000027,500.0,500.0,20.0
38.00000000000027,500.0,500.0,20.0
38.10000000000027,500.0,500.0,20.0
38.20000000000027,500.0,500.0,20.0
38.300000000000274,500.0,500.0,20.0
38.400000000000276,500.0,500.0,20.0
38.50000000000028,500.0,500.0,20.0
38.60000000000028,500.0,500.0,20.0
38.70000000000028,500.0,500.0,20.0
38.80000000000028,500.0,500.0,20.0
38.90000000000028,500.0,500.0,20.0
39.000000000000284,500.0,500.0,20.0
39.100000000000286,500.0,500.0,20.0
39.20000000000029,500.0,500.0,20.0
39.30000000000029,500.0,500.0,20.0
39.40000000000029,500.0,500.0,20.0
39.50000000000029,500.0,500.0,20.0
39.60000000000029,500.0,500.0,20.0
39.700000000000294,500.0,500.0,20.0
39.800000000000296,500.0,500.0,20.0
39.9000000000003,500.0,500.0,20.0
40.0000000000003,500.0,500.0,20.0
40.1000000000003,500.0,500.0,20.0
40.2000000000003,500.0,500.0,20.0
40.3000000000003,500.0,500.0,20.0
40.400000000000304,500.0,500.0,20.0
40.500000000000306,500.0,500.0,20.0
40.60000000000031,500.0,500.0,20.0
40.70000000000031,500.0,500.0,20.0
40.80000000000031,500.0,500.0,20.0
40.90000000000031,500.0,500.0,20.0
41.00000000000031,500.0,500.0,20.0
41.100000000000314,500.0,500.0,20.0
41.200000000000315,500.0,500.0,20.0
41.30000000000032,500.0,500.0,20.0
41.40000000000032,500.0,500.0,20.0
41.50000000000032,500.0,500.0,20.0
41.60000000000032,500.0,500.0,20.0
41.70000000000032,500.0,500.0,20.0
41.800000000000324,500.0,500.0,20.0
41.900000000000325,500.0,500.0,20.0
42.00000000000033,500.0,500.0,20.0
42.10000000000033,500.0,500.0,20.0
42.20000000000033,500.0,500.0,20.0
42.30000000000033,500.0,500.0,20.0
42.40000000000033,500.0,500.0,20.0
42.500000000000334,500.0,500.0,20.0
42.600000000000335,500.0,500.0,20.0
42.70000000000034,500.0,500.0,20.0
42.80000000000034,500.0,500.0,20.0
42.90000000000034,500.0,500.0,20.0
43.00000000000034,500.0,500.0,20.0
43.10000000000034,500.0,500.0,20.0
43.200000000000344,500.0,500.0,20.0
43.300000000000345,500.0,500.0,20.0
43.40000000000035,500.0,500.0,20.0
43.50000000000035,500.0,500.0,20.0
43.60000000000035,500.0,500.0,20.0
43.70000000000035,500.0,500.0,20.0
43.80000000000035,500.0,500.0,20.0
43.900000000000354,500.0,500.0,20.0
44.000000000000355,500.0,500.0,20.0
44.10000000000036,500.0,500.0,20.0
44.20000000000036,500.0,500.0,20.0
44.30000000000036,500.0,500.0,20.0
44.40000000000036,500.0,500.0,20.0
44.50000000000036,500.0,500.0,20.0
44.600000000000364,500.0,500.0,20.0
44.700000000000365,500.0,500.0,20.0
44.80000000000037,500.0,500.0,20.0
44.90000000000037,500.0,500.0,20.0
45.00000000000037,500.0,500.0,20.0
45.10000000000037,500.0,500.0,20.0
45.20000000000037,500.0,500.0,20.0
45.300000000000374,500.0,500.0,20.0
45.400000000000375,500.0,500.0,20.0
45.50000000000038,500.0,500.0,20.0
45.60000000000038,500.0,500.0,20.0
45.70000000000038,500.0,500.0,20.0
45.80000000000038,500.0,500.0,20.0
45.90000000000038,500.0,500.0,20.0
46.000000000000384,500.0,500.0,20.0
46.100000000000385,500.0,500.0,20.0
46.20000000000039,500.0,500.0,20.0
46.30000000000039,500.0,500.0,20.0
46.40000000000039,500.0,500.0,20.0
46.50000000000039,500.0,500.0,20.0
46.60000000000039,500.0,500.0,20.0
46.700000000000394,500.0,500.0,20.0
46.800000000000395,500.0,500.0,20.0
46.9000000000004,500.0,500.0,20.0
47.0000000000004,500.0,500.0,20.0
47.1000000000004,500.0,500.0,20.0
47.2000000000004,500.0,500.0,20.0
47.3000000000004,500.0,500.0,20.0
47.400000000000404,500.0,500.0,20.0
47.500000000000405,500.0,500.0,20.0
47.600000000000406,500.0,500.0,20.0
47.70000000000041,500.0,500.0,20.0
47.80000000000041,500.0,500.0,20.0
47.90000000000041,500.0,500.0,20.0
48.00000000000041,500.0,500.0,20.0
48.10000000000041,500.0,500.0,20.0
48.200000000000415,500.0,500.0,20.0
48.300000000000416,500.0,500.0,20.0
48.40000000000042,500.0,500.0,20.0
48.50000000000042,500.0,500.0,20.0
48.60000000000042,500.0,500.0,20.0
48.70000000000042,500.0,500.0,20.0
48.80000000000042,500.0,500.0,20.0
48.900000000000425,500.0,500.0,20.0
49.000000000000426,500.0,500.0,20.0
49.10000000000043,500.0,500.0,20.0
49.20000000000043,500.0,500.0,20.0
49.30000000000043,500.0,500.0,20.0
49.40000000000043,500.0,500.0,20.0
49.50000000000043,500.0,500.0,20.0
49.600000000000435,500.0,500.0,20.0
49.700000000000436,500.0,500.0,20.0
49.80000000000044,500.0,500.0,20.0
49.90000000000044,500.0,500.0,20.0
50.00000000000044,500.0,500.0,20.0
50.10000000000044,500.0,500.0,20.0
50.20000000000044,500.0,500.0,20.0
50.300000000000445,500.0,500.0,20.0
50.400000000000446,500.0,500.0,20.0
50.50000000000045,500.0,500.0,20.0
50.60000000000045,500.0,500.0,20.0
50.70000000000045,500.0,500.0,20.0
50.80000000000045,500.0,500.0,20.0
50.90000000000045,500.0,500.0,20.0
51.000000000000455,500.0,500.0,20.0
51.100000000000456,500.0,500.0,20.0
51.20000000000046,500.0,500.0,20.0
51.30000000000046,500.0,500.0,20.0
51.40000000000046,500.0,500.0,20.0
51.50000000000046,500.0,500.0,20.0
51.60000000000046,500.0,500.0,20.0
51.700000000000465,500.0,500.0,20.0
51.800000000000466,500.0,500.0,20.0
51.90000000000047,500.0,500.0,20.0
52.00000000000047,500.0,500.0,20.0
52.10000000000047,500.0,500.0,20.0
52.20000000000047,500.0,500.0,20.0
52.30000000000047,500.0,500.0,20.0
52.400000000000475,500.0,500.0,20.0
52.500000000000476,500.0,500.0,20.0
52.60000000000048,500.0,500.0,20.0
52.70000000000048,500.0,500.0,20.0
52.80000000000048,500.0,500.0,20.0
52.90000000000048,500.0,500.0,20.0
53.00000000000048,500.0,500.0,20.0
53.100000000000485,500.0,500.0,20.0
53.200000000000486,500.0,500.0,20.0
53.30000000000049,500.0,500.0,20.0
53.40000000000049,500.0,500.0,20.0
53.50000000000049,500.0,500.0,20.0
53.60000000000049,500.0,500.0,20.0
53.70000000000049,500.0,500.0,20.0
53.800000000000495,500.0,500.0,20.0
53.900000000000496,500.0,500.0,20.0
54.0000000000005,500.0,500.0,20.0
54.1000000000005,500.0,500.0,20.0
54.2000000000005,500.0,500.0,20.0
54.3000000000005,500.0,500.0,20.0
54.4000000000005,500.0,500.0,20.0
54.500000000000504,500.0,500.0,20.0
54.600000000000506,500.0,500.0,20.0
54.70000000000051,500.0,500.0,20.0
54.80000000000051,500.0,500.0,20.0
54.90000000000051,500.0,500.0,20.0
55.00000000000051,500.0,500.0,20.0
55.10000000000051,500.0,500.0,20.0
55.200000000000514,500.0,500.0,20.0
55.300000000000516,500.0,500.0,20.0
55.40000000000052,500.0,500.0,20.0
55.50000000000052,500.0,500.0,20.0
55.60000000000052,500.0,500.0,20.0
55.70000000000052,500.0,500.0,20.0
55.80000000000052,500.0,500.0,20.0
55.900000000000524,500.0,500.0,20.0
56.000000000000526,500.0,500.0,20.0
56.10000000000053,500.0,500.0,20.0
56.20000000000053,500.0,500.0,20.0
56.30000000000053,500.0,500.0,20.0
56.40000000000053,500.0,500.0,20.0
56.50000000000053,500.0,500.0,20.0
56.600000000000534,500.0,500.0,20.0
56.700000000000536,500.0,500.0,20.0
56.80000000000054,500.0,500.0,20.0
56.90000000000054,500.0,500.0,20.0
57.00000000000054,500.0,500.0,20.0
57.10000000000054,500.0,500.0,20.0
57.20000000000054,500.0,500.0,20.0
57.300000000000544,500.0,500.0,20.0
57.400000000000546,500.0,500.0,20.0
57.50000000000055,500.0,500.0,20.0
57.60000000000055,500.0,500.0,20.0
57.70000000000055,500.0,500.0,20.0
57.80000000000055,500.0,500.0,20.0
57.90000000000055,500.0,500.0,20.0
58.000000000000554,500.0,500.0,20.0
58.100000000000556,500.0,500.0,20.0
58.20000000000056,500.0,500.0,20.0
58.30000000000056,500.0,500.0,20.0
58.40000000000056,500.0,500.0,20.0
58.50000000000056,500.0,500.0,20.0
58.60000000000056,500.0,500.0,20.0
58.700000000000564,500.0,500.0,20.0
58.800000000000566,500.0,500.0,20.0
58.90000000000057,500.0,500.0,20.0
59.00000000000057,500.0,500.0,20.0
59.10000000000057,500.0,500.0,20.0
59.20000000000057,500.0,500.0,20.0
59.30000000000057,500.0,500.0,20.0
59.400000000000574,500.0,500.0,20.0
59.500000000000576,500.0,500.0,20.0
59.60000000000058,500.0,500.0,20.0
59.70000000000058,500.0,500.0,20.0
59.80000000000058,500.0,500.0,20.0
59.90000000000058,500.0,500.0,20.0
60.00000000000058,500.0,500.0,20.0
60.100000000000584,500.0,500.0,20.0
60.200000000000585,500.0,500.0,20.0
60.30000000000059,500.0,500.0,20.0
60.40000000000059,500.0,500.0,20.0
60.50000000000059,500.0,500.0,20.0
60.60000000000059,500.0,500.0,20.0
60.70000000000059,500.0,500.0,20.0
60.800000000000594,500.0,500.0,20.0
60.900000000000595,500.0,500.0,20.0
61.0000000000006,500.0,500.0,20.0
61.1000000000006,500.0,500.0,20.0
61.2000000000006,500.0,500.0,20.0
61.3000000000006,500.0,500.0,20.0
61.4000000000006,500.0,500.0,20.0
61.500000000000604,500.0,500.0,20.0
61.600000000000605,500.0,500.0,20.0
61.70000000000061,500.0,500.0,20.0
61.80000000000061,500.0,500.0,20.0
61.90000000000061,500.0,500.0,20.0
62.00000000000061,500.0,500.0,20.0
62.10000000000061,500.0,500.0,20.0
62.200000000000614,500.0,500.0,20.0
62.300000000000615,500.0,500.0,20.0
62.40000000000062,500.0,500.0,20.0
62.50000000000062,500.0,500.0,20.0
62.60000000000062,500.0,500.0,20.0
62.70000000000062,500.0,500.0,20.0
62.80000000000062,500.0,500.0,20.0
62.900000000000624,500.0,500.0,20.0
63.000000000000625,500.0,500.0,20.0
63.10000000000063,500.0,500.0,20.0
63.20000000000063,500.0,500.0,20.0
63.30000000000063,500.0,500.0,20.0
63.40000000000063,500.0,500.0,20.0
63.50000000000063,500.0,500.0,20.0
63.600000000000634,500.0,500.0,20.0
63.700000000000635,500.0,500.0,20.0
63.80000000000064,500.0,500.0,20.0
63.90000000000064,500.0,500.0,20.0
64.00000000000064,500.0,500.0,20.0
64.10000000000063,500.0,500.0,20.0
64.20000000000063,500.0,500.0,20.0
64.30000000000062,500.0,500.0,20.0
64.40000000000062,500.0,500.0,20.0
64.50000000000061,500.0,500.0,20.0
64.6000000000006,500.0,500.0,20.0
64.7000000000006,500.0,500.0,20.0
64.8000000000006,500.0,500.0,20.0
64.90000000000059,500.0,500.0,20.0
65.00000000000058,500.0,500.0,20.0
65.10000000000058,500.0,500.0,20.0
65.20000000000057,500.0,500.0,20.0
65.30000000000057,500.0,500.0,20.0
65.40000000000056,500.0,500.0,20.0
65.50000000000055,500.0,500.0,20.0
65.60000000000055,500.0,500.0,20.0
65.70000000000054,500.0,500.0,20.0
65.80000000000054,500.0,500.0,20.0
65.90000000000053,500.0,500.0,20.0
66.00000000000053,500.0,500.0,20.0
66.10000000000052,500.0,500.0,20.0
66.20000000000051,500.0,500.0,20.0
66.30000000000051,500.0,500.0,20.0
66.4000000000005,500.0,500.0,20.0
66.5000000000005,500.0,500.0,20.0
66.60000000000049,500.0,500.0,20.0
66.70000000000049,500.0,500.0,20.0
66.80000000000048,500.0,500.0,20.0
66.90000000000047,500.0,500.0,20.0
67.00000000000047,500.0,500.0,20.0
67.10000000000046,500.0,500.0,20.0
67.20000000000046,500.0,500.0,20.0
67.30000000000045,500.0,500.0,20.0
67.40000000000045,500.0,500.0,20.0
67.50000000000044,500.0,500.0,20.0
67.60000000000043,500.0,500.0,20.0
67.70000000000043,500.0,500.0,20.0
67.80000000000042,500.0,500.0,20.0
67.90000000000042,500.0,500.0,20.0
68.00000000000041,500.0,500.0,20.0
68.1000000000004,500.0,500.0,20.0
68.2000000000004,500.0,500.0,20.0
68.3000000000004,500.0,500.0,20.0
68.40000000000039,500.0,500.0,20.0
68.50000000000038,500.0,500.0,20.0
68.60000000000038,500.0,500.0,20.0
68.70000000000037,500.0,500.0,20.0
68.80000000000037,500.0,500.0,20.0
68.90000000000036,500.0,500.0,20.0
69.00000000000036,500.0,500.0,20.0
69.10000000000035,500.0,500.0,20.0
69.20000000000034,500.0,500.0,20.0
69.30000000000034,500.0,500.0,20.0
69.40000000000033,500.0,500.0,20.0
69.50000000000033,500.0,500.0,20.0
69.60000000000032,500.0,500.0,20.0
69.70000000000032,500.0,500.0,20.0
69.80000000000031,500.0,500.0,20.0
69.9000000000003,500.0,500.0,20.0
70.0000000000003,500.0,500.0,20.0
70.10000000000029,500.0,500.0,20.0
70.20000000000029,500.0,500.0,20.0
70.30000000000028,500.0,500.0,20.0
70.40000000000028,500.0,500.0,20.0
70.50000000000027,500.0,500.0,20.0
70.60000000000026,500.0,500.0,20.0
70.70000000000026,500.0,500.0,20.0
70.80000000000025,500.0,500.0,20.0
70.90000000000025,500.0,500.0,20.0
71.00000000000024,500.0,500.0,20.0
71.10000000000024,500.0,500.0,20.0
71.20000000000023,500.0,500.0,20.0
71.30000000000022,500.0,500.0,20.0
71.40000000000022,500.0,500.0,20.0
71.50000000000021,500.0,500.0,20.0
71.60000000000021,500.0,500.0,20.0
71.7000000000002,500.0,500.0,20.0
71.8000000000002,500.0,500.0,20.0
71.90000000000019,500.0,500.0,20.0
72.00000000000018,500.0,500.0,20.0
72.10000000000018,500.0,500.0,20.0
72.20000000000017,500.0,500.0,20.0
72.30000000000017,500.0,500.0,20.0
72.40000000000016,500.0,500.0,20.0
72.50000000000016,500.0,500.0,20.0
72.60000000000015,500.0,500.0,20.0
72.70000000000014,500.0,500.0,20.0
72.80000000000014,500.0,500.0,20.0
72.90000000000013,500.0,500.0,20.0
73.00000000000013,500.0,500.0,20.0
73.10000000000012,500.0,500.0,20.0
73.20000000000012,500.0,500.0,20.0
73.30000000000011,500.0,500.0,20.0
73.4000000000001,500.0,500.0,20.0
73.5000000000001,500.0,500.0,20.0
73.6000000000001,500.0,500.0,20.0
73.70000000000009,500.0,500.0,20.0
73.80000000000008,500.0,500.0,20.0
73.90000000000008,500.0,500.0,20.0
74.00000000000007,500.0,500.0,20.0
74.10000000000007,500.0,500.0,20.0
74.20000000000006,500.0,500.0,20.0
74.30000000000005,500.0,500.0,20.0
74.40000000000005,500.0,500.0,20.0
74.50000000000004,500.0,500.0,20.0
74.60000000000004,500.0,500.0,20.0
74.70000000000003,500.0,500.0,20.0
74.80000000000003,500.0,500.0,20.0
74.90000000000002,500.0,500.0,20.0
75.00000000000001,500.0,500.0,20.0
75.10000000000001,500.0,500.0,20.0
75.2,500.0,500.0,20.0
75.3,500.0,500.0,20.0
75.39999999999999,500.0,500.0,20.0
75.49999999999999,500.0,500.0,20.0
75.59999999999998,500.0,500.0,20.0
75.69999999999997,500.0,500.0,20.0
75.79999999999997,500.0,500.0,20.0
75.89999999999996,500.0,500.0,20.0
75.99999999999996,500.0,500.0,20.0
76.09999999999995,500.0,500.0,20.0
76.19999999999995,500.0,500.0,20.0
76.29999999999994,500.0,500.0,20.0
76.39999999999993,500.0,500.0,20.0
76.49999999999993,500.0,500.0,20.0
76.59999999999992,500.0,500.0,20.0
76.69999999999992,500.0,500.0,20.0
76.79999999999991,500.0,500.0,20.0
76.8999999999999,500.0,500.0,20.0
76.9999999999999,500.0,500.0,20.0
77.0999999999999,500.0,500.0,20.0
77.19999999999989,500.0,500.0,20.0
77.29999999999988,500.0,500.0,20.0
77.39999999999988,500.0,500.0,20.0
77.49999999999987,500.0,500.0,20.0
77.59999999999987,500.0,500.0,20.0
77.69999999999986,500.0,500.0,20.0
77.79999999999986,500.0,500.0,20.0
77.89999999999985,500.0,500.0,20.0
77.99999999999984,500.0,500.0,20.0
78.09999999999984,500.0,500.0,20.0
78.19999999999983,500.0,500.0,20.0
78.29999999999983,500.0,500.0,20.0
78.39999999999982,500.0,500.0,20.0
78.49999999999982,500.0,500.0,20.0
78.59999999999981,500.0,500.0,20.0
78.6999999999998,500.0,500.0,20.0
78.7999999999998,500.0,500.0,20.0
78.89999999999979,500.0,500.0,20.0
78.99999999999979,500.0,500.0,20.0
79.09999999999978,500.0,500.0,20.0
79.19999999999978,500.0,500.0,20.0
79.29999999999977,500.0,500.0,20.0
79.39999999999976,500.0,500.0,20.0
79.49999999999976,500.0,500.0,20.0
79.59999999999975,500.0,500.0,20.0
79.69999999999975,500.0,500.0,20.0
79.79999999999974,500.0,500.0,20.0
79.89999999999974,500.0,500.0,20.0
79.99999999999973,500.0,500.0,20.0
80.09999999999972,500.0,500.0,20.0
80.19999999999972,500.0,500.0,20.0
80.29999999999971,500.0,500.0,20.0
80.39999999999971,500.0,500.0,20.0
80.4999999999997,500.0,500.0,20.0
80.5999999999997,500.0,500.0,20.0
80.69999999999969,500.0,500.0,20.0
80.79999999999968,500.0,500.0,20.0
80.89999999999968,500.0,500.0,20.0
80.99999999999967,500.0,500.0,20.0
81.09999999999967,500.0,500.0,20.0
81.19999999999966,500.0,500.0,20.0
81.29999999999966,500.0,500.0,20.0
81.39999999999965,500.0,500.0,20.0
81.49999999999964,500.0,500.0,20.0
81.59999999999964,500.0,500.0,20.0
81.69999999999963,500.0,500.0,20.0
81.79999999999963,500.0,500.0,20.0
81.89999999999962,500.0,500.0,20.0
81.99999999999962,500.0,500.0,20.0
82.09999999999961,500.0,500.0,20.0
82.1999999999996,500.0,500.0,20.0
82.2999999999996,500.0,500.0,20.0
82.3999999999996,500.0,500.0,20.0
82.49999999999959,500.0,500.0,20.0
82.59999999999958,500.0,500.0,20.0
82.69999999999958,500.0,500.0,20.0
82.79999999999957,500.0,500.0,20.0
82.89999999999957,500.0,500.0,20.0
82.99999999999956,500.0,500.0,20.0
83.09999999999955,500.0,500.0,20.0
83.19999999999955,500.0,500.0,20.0
83.29999999999954,500.0,500.0,20.0
83.39999999999954,500.0,500.0,20.0
83.49999999999953,500.0,500.0,20.0
83.59999999999953,500.0,500.0,20.0
83.69999999999952,500.0,500.0,20.0
83.79999999999951,500.0,500.0,20.0
83.89999999999951,500.0,500.0,20.0
83.9999999999995,500.0,500.0,20.0
84.0999999999995,500.0,500.0,20.0
84.19999999999949,500.0,500.0,20.0
84.29999999999949,500.0,500.0,20.0
84.39999999999948,500.0,500.0,20.0
84.49999999999947,500.0,500.0,20.0
84.59999999999947,500.0,500.0,20.0
84.69999999999946,500.0,500.0,20.0
84.79999999999946,500.0,500.0,20.0
84.89999999999945,500.0,500.0,20.0
84.99999999999945,500.0,500.0,20.0
85.09999999999944,500.0,500.0,20.0
85.19999999999943,500.0,500.0,20.0
85.29999999999943,500.0,500.0,20.0
85.39999999999942,500.0,500.0,20.0
85.49999999999942,500.0,500.0,20.0
85.59999999999941,500.0,500.0,20.0
85.6999999999994,500.0,500.0,20.0
85.7999999999994,500.0,500.0,20.0
85.8999999999994,500.0,500.0,20.0
85.99999999999939,500.0,500.0,20.0
86.09999999999938,500.0,500.0,20.0
86.19999999999938,500.0,500.0,20.0
86.29999999999937,500.0,500.0,20.0
86.39999999999937,500.0,500.0,20.0
86.49999999999936,500.0,500.0,20.0
86.59999999999935,500.0,500.0,20.0
86.69999999999935,500.0,500.0,20.0
86.79999999999934,500.0,500.0,20.0
86.89999999999934,500.0,500.0,20.0
86.99999999999933,500.0,500.0,20.0
87.09999999999933,500.0,500.0,20.0
87.19999999999932,500.0,500.0,20.0
87.29999999999932,500.0,500.0,20.0
87.39999999999931,500.0,500.0,20.0
87.4999999999993,500.0,500.0,20.0
87.5999999999993,500.0,500.0,20.0
87.69999999999929,500.0,500.0,20.0
87.79999999999929,500.0,500.0,20.0
87.89999999999928,500.0,500.0,20.0
87.99999999999928,500.0,500.0,20.0
88.09999999999927,500.0,500.0,20.0
88.19999999999926,500.0,500.0,20.0
88.29999999999926,500.0,500.0,20.0
88.39999999999925,500.0,500.0,20.0
88.49999999999925,500.0,500.0,20.0
88.59999999999924,500.0,500.0,20.0
88.69999999999924,500.0,500.0,20.0
88.79999999999923,500.0,500.0,20.0
88.89999999999922,500.0,500.0,20.0
88.99999999999922,500.0,500.0,20.0
89.09999999999921,500.0,500.0,20.0
89.1999999999992,500.0,500.0,20.0
89.2999999999992,500.0,500.0,20.0
89.3999999999992,500.0,500.0,20.0
89.49999999999919,500.0,500.0,20.0
89.59999999999918,500.0,500.0,20.0
89.69999999999918,500.0,500.0,20.0
89.79999999999917,500.0,500.0,20.0
89.89999999999917,500.0,500.0,20.0
89.99999999999916,500.0,500.0,20.0
90.09999999999916,500.0,500.0,20.0
90.19999999999915,500.0,500.0,20.0
90.29999999999914,500.0,500.0,20.0
90.39999999999914,500.0,500.0,20.0
90.49999999999913,500.0,500.0,20.0
90.59999999999913,500.0,500.0,20.0
90.69999999999912,500.0,500.0,20.0
90.79999999999912,500.0,500.0,20.0
90.89999999999911,500.0,500.0,20.0
90.9999999999991,500.0,500.0,20.0
91.0999999999991,500.0,500.0,20.0
91.1999999999991,500.0,500.0,20.0
91.29999999999909,500.0,500.0,20.0
91.39999999999908,500.0,500.0,20.0
91.49999999999908,500.0,500.0,20.0
91.59999999999907,500.0,500.0,20.0
91.69999999999906,500.0,500.0,20.0
91.79999999999906,500.0,500.0,20.0
91.89999999999905,500.0,500.0,20.0
91.99999999999905,500.0,500.0,20.0
92.09999999999904,500.0,500.0,20.0
92.19999999999904,500.0,500.0,20.0
92.29999999999903,500.0,500.0,20.0
92.39999999999903,500.0,500.0,20.0
92.49999999999902,500.0,500.0,20.0
92.59999999999901,500.0,500.0,20.0
92.69999999999901,500.0,500.0,20.0
92.799999999999,500.0,500.0,20.0
92.899999999999,500.0,500.0,20.0
92.99999999999899,500.0,500.0,20.0
93.09999999999899,500.0,500.0,20.0
93.19999999999898,500.0,500.0,20.0
93.29999999999897,500.0,500.0,20.0
93.39999999999897,500.0,500.0,20.0
93.49999999999896,500.0,500.0,20.0
93.59999999999896,500.0,500.0,20.0
93.69999999999895,500.0,500.0,20.0
93.79999999999895,500.0,500.0,20.0
93.89999999999894,500.0,500.0,20.0
93.99999999999893,500.0,500.0,20.0
94.09999999999893,500.0,500.0,20.0
94.19999999999892,500.0,500.0,20.0
94.29999999999892,500.0,500.0,20.0
94.39999999999891,500.0,500.0,20.0
94.4999999999989,500.0,500.0,20.0
94.5999999999989,500.0,500.0,20.0
94.6999999999989,500.0,500.0,20.0
94.79999999999889,500.0,500.0,20.0
94.89999999999888,500.0,500.0,20.0
94.99999999999888,500.0,500.0,20.0
95.09999999999887,500.0,500.0,20.0
95.19999999999887,500.0,500.0,20.0
95.29999999999886,500.0,500.0,20.0
95.39999999999885,500.0,500.0,20.0
95.49999999999885,500.0,500.0,20.0
95.59999999999884,500.0,500.0,20.0
95.69999999999884,500.0,500.0,20.0
95.79999999999883,500.0,500.0,20.0
95.89999999999883,500.0,500.0,20.0
95.99999999999882,500.0,500.0,20.0
96.09999999999881,500.0,500.0,20.0
96.19999999999881,500.0,500.0,20.0
96.2999999999988,500.0,500.0,20.0
96.3999999999988,500.0,500.0,20.0
96.49999999999879,500.0,500.0,20.0
96.59999999999879,500.0,500.0,20.0
96.69999999999878,500.0,500.0,20.0
96.79999999999878,500.0,500.0,20.0
96.89999999999877,500.0,500.0,20.0
96.99999999999876,500.0,500.0,20.0
97.09999999999876,500.0,500.0,20.0
97.19999999999875,500.0,500.0,20.0
97.29999999999875,500.0,500.0,20.0
97.39999999999874,500.0,500.0,20.0
97.49999999999874,500.0,500.0,20.0
97.59999999999873,500.0,500.0,20.0
97.69999999999872,500.0,500.0,20.0
97.79999999999872,500.0,500.0,20.0
97.89999999999871,500.0,500.0,20.0
97.9999999999987,500.0,500.0,20.0
98.0999999999987,500.0,500.0,20.0
98.1999999999987,500.0,500.0,20.0
98.29999999999869,500.0,500.0,20.0
98.39999999999868,500.0,500.0,20.0
98.49999999999868,500.0,500.0,20.0
98.59999999999867,500.0,500.0,20.0
98.69999999999867,500.0,500.0,20.0
98.79999999999866,500.0,500.0,20.0
98.89999999999866,500.0,500.0,20.0
98.99999999999865,500.0,500.0,20.0
99.09999999999864,500.0,500.0,20.0
99.19999999999864,500.0,500.0,20.0
99.29999999999863,500.0,500.0,20.0
99.39999999999863,500.0,500.0,20.0
99.49999999999862,500.0,500.0,20.0
99.59999999999862,500.0,500.0,20.0
99.69999999999861,500.0,500.0,20.0
99.7999999999986,500.0,500.0,20.0
99.8999999999986,500.0,500.0,20.0
99.9999999999986,500.0,500.0,20.0
100.09999999999859,500.0,500.0,20.0
100.19999999999858,500.0,500.0,20.0
100.29999999999858,500.0,500.0,20.0
100.39999999999857,500.0,500.0,20.0
100.49999999999856,500.0,500.0,20.0
100.59999999999856,500.0,500.0,20.0
100.69999999999855,500.0,500.0,20.0
100.79999999999855,500.0,500.0,20.0
100.89999999999854,500.0,500.0,20.0
100.99999999999854,500.0,500.0,20.0
101.09999999999853,500.0,500.0,20.0
101.19999999999852,500.0,500.0,20.0
101.29999999999852,500.0,500.0,20.0
101.39999999999851,500.0,500.0,20.0
101.49999999999851,500.0,500.0,20.0
101.5999999999985,500.0,500.0,20.0
101.6999999999985,500.0,500.0,20.0
101.79999999999849,500.0,500.0,20.0
101.89999999999849,500.0,500.0,20.0
101.99999999999848,500.0,500.0,20.0
102.09999999999847,500.0,500.0,20.0
102.19999999999847,500.0,500.0,20.0
102.29999999999846,500.0,500.0,20.0
102.39999999999846,500.0,500.0,20.0
102.49999999999845,500.0,500.0,20.0
102.59999999999845,500.0,500.0,20.0
102.69999999999844,500.0,500.0,20.0
102.79999999999843,500.0,500.0,20.0
102.89999999999843,500.0,500.0,20.0
102.99999999999842,500.0,500.0,20.0
103.09999999999842,500.0,500.0,20.0
103.19999999999841,500.0,500.0,20.0
103.2999999999984,500.0,500.0,20.0
103.3999999999984,500.0,500.0,20.0
103.4999999999984,500.0,500.0,20.0
103.59999999999839,500.0,500.0,20.0
103.69999999999838,500.0,500.0,20.0
103.79999999999838,500.0,500.0,20.0
103.89999999999837,500.0,500.0,20.0
103.99999999999837,500.0,500.0,20.0
104.09999999999836,500.0,500.0,20.0
104.19999999999835,500.0,500.0,20.0
104.29999999999835,500.0,500.0,20.0
104.39999999999834,500.0,500.0,20.0
104.49999999999834,500.0,500.0,20.0
104.59999999999833,500.0,500.0,20.0
104.69999999999833,500.0,500.0,20.0
104.79999999999832,500.0,500.0,20.0
104.89999999999831,500.0,500.0,20.0
104.99999999999831,500.0,500.0,20.0
105.0999999999983,500.0,500.0,20.0
105.1999999999983,500.0,500.0,20.0
105.29999999999829,500.0,500.0,20.0
105.39999999999829,500.0,500.0,20.0
105.49999999999828,500.0,500.0,20.0
105.59999999999827,500.0,500.0,20.0
105.69999999999827,500.0,500.0,20.0
105.79999999999826,500.0,500.0,20.0
105.89999999999826,500.0,500.0,20.0
105.99999999999825,500.0,500.0,20.0
106.09999999999825,500.0,500.0,20.0
106.19999999999824,500.0,500.0,20.0
106.29999999999824,500.0,500.0,20.0
106.39999999999823,500.0,500.0,20.0
106.49999999999822,500.0,500.0,20.0
106.59999999999822,500.0,500.0,20.0
106.69999999999821,500.0,500.0,20.0
106.7999999999982,500.0,500.0,20.0
106.8999999999982,500.0,500.0,20.0
106.9999999999982,500.0,500.0,20.0
107.09999999999819,500.0,500.0,20.0
107.19999999999818,500.0,500.0,20.0
107.29999999999818,500.0,500.0,20.0
107.39999999999817,500.0,500.0,20.0
107.49999999999817,500.0,500.0,20.0
107.59999999999816,500.0,500.0,20.0
107.69999999999816,500.0,500.0,20.0
107.79999999999815,500.0,500.0,20.0
107.89999999999814,500.0,500.0,20.0
107.99999999999814,500.0,500.0,20.0
108.09999999999813,500.0,500.0,20.0
108.19999999999813,500.0,500.0,20.0
108.29999999999812,500.0,500.0,20.0
108.39999999999812,500.0,500.0,20.0
108.49999999999811,500.0,500.0,20.0
108.5999999999981,500.0,500.0,20.0
108.6999999999981,500.0,500.0,20.0
108.7999999999981,500.0,500.0,20.0
108.89999999999809,500.0,500.0,20.0
108.99999999999808,500.0,500.0,20.0
109.09999999999808,500.0,500.0,20.0
109.19999999999807,500.0,500.0,20.0
109.29999999999806,500.0,500.0,20.0
109.39999999999806,500.0,500.0,20.0
109.49999999999805,500.0,500.0,20.0
109.59999999999805,500.0,500.0,20.0
109.69999999999804,500.0,500.0,20.0
109.79999999999804,500.0,500.0,20.0
109.89999999999803,500.0,500.0,20.0
109.99999999999802,500.0,500.0,20.0
110.09999999999802,500.0,500.0,20.0
110.19999999999801,500.0,500.0,20.0
110.29999999999801,500.0,500.0,20.0
110.399999999998,500.0,500.0,20.0
110.499999999998,500.0,500.0,20.0
110.59999999999799,500.0,500.0,20.0
110.69999999999798,500.0,500.0,20.0
110.79999999999798,500.0,500.0,20.0
110.89999999999797,500.0,500.0,20.0
110.99999999999797,500.0,500.0,20.0
111.09999999999796,500.0,500.0,20.0
111.19999999999796,500.0,500.0,20.0
111.29999999999795,500.0,500.0,20.0
111.39999999999795,500.0,500.0,20.0
111.49999999999794,500.0,500.0,20.0
111.59999999999793,500.0,500.0,20.0
111.69999999999793,500.0,500.0,20.0
111.79999999999792,500.0,500.0,20.0
111.89999999999792,500.0,500.0,20.0
111.99999999999791,500.0,500.0,20.0
112.0999999999979,500.0,500.0,20.0
112.1999999999979,500.0,500.0,20.0
112.2999999999979,500.0,500.0,20.0
112.39999999999789,500.0,500.0,20.0
112.49999999999788,500.0,500.0,20.0
112.59999999999788,500.0,500.0,20.0
112.69999999999787,500.0,500.0,20.0
112.79999999999787,500.0,500.0,20.0
112.89999999999786,500.0,500.0,20.0
112.99999999999785,500.0,500.0,20.0
113.09999999999785,500.0,500.0,20.0
113.19999999999784,500.0,500.0,20.0
113.29999999999784,500.0,500.0,20.0
113.39999999999783,500.0,500.0,20.0
113.49999999999783,500.0,500.0,20.0
113.59999999999782,500.0,500.0,20.0
113.69999999999781,500.0,500.0,20.0
113.79999999999781,500.0,500.0,20.0
113.8999999999978,500.0,500.0,20.0
113.9999999999978,500.0,500.0,20.0
114.09999999999779,500.0,500.0,20.0
114.19999999999779,500.0,500.0,20.0
114.29999999999778,500.0,500.0,20.0
114.39999999999777,500.0,500.0,20.0
114.49999999999777,500.0,500.0,20.0
114.59999999999776,500.0,500.0,20.0
114.69999999999776,500.0,500.0,20.0
114.79999999999775,500.0,500.0,20.0
114.89999999999775,500.0,500.0,20.0
114.99999999999774,500.0,500.0,20.0
115.09999999999773,500.0,500.0,20.0
115.19999999999773,500.0,500.0,20.0
115.29999999999772,500.0,500.0,20.0
115.39999999999772,500.0,500.0,20.0
115.49999999999771,500.0,500.0,20.0
115.5999999999977,500.0,500.0,20.0
115.6999999999977,500.0,500.0,20.0
115.7999999999977,500.0,500.0,20.0
115.89999999999769,500.0,500.0,20.0
115.99999999999768,500.0,500.0,20.0
116.09999999999768,500.0,500.0,20.0
116.19999999999767,500.0,500.0,20.0
116.29999999999767,500.0,500.0,20.0
116.39999999999766,500.0,500.0,20.0
116.49999999999766,500.0,500.0,20.0
116.59999999999765,500.0,500.0,20.0
116.69999999999764,500.0,500.0,20.0
116.79999999999764,500.0,500.0,20.0
116.89999999999763,500.0,500.0,20.0
116.99999999999763,500.0,500.0,20.0
117.09999999999762,500.0,500.0,20.0
117.19999999999762,500.0,500.0,20.0
117.29999999999761,500.0,500.0,20.0
117.3999999999976,500.0,500.0,20.0
117.4999999999976,500.0,500.0,20.0
117.59999999999759,500.0,500.0,20.0
117.69999999999759,500.0,500.0,20.0
117.79999999999758,500.0,500.0,20.0
117.89999999999758,500.0,500.0,20.0
117.99999999999757,500.0,500.0,20.0
118.09999999999756,500.0,500.0,20.0
118.19999999999756,500.0,500.0,20.0
118.29999999999755,500.0,500.0,20.0
118.39999999999755,500.0,500.0,20.0
118.49999999999754,500.0,500.0,20.0
118.59999999999754,500.0,500.0,20.0
118.69999999999753,500.0,500.0,20.0
118.79999999999752,500.0,500.0,20.0
118.89999999999752,500.0,500.0,20.0
118.99999999999751,500.0,500.0,20.0
119.09999999999751,500.0,500.0,20.0
119.1999999999975,500.0,500.0,20.0
119.2999999999975,500.0,500.0,20.0
119.39999999999749,500.0,500.0,20.0
119.49999999999748,500.0,500.0,20.0
119.59999999999748,500.0,500.0,20.0
119.69999999999747,500.0,500.0,20.0
119.79999999999747,500.0,500.0,20.0
119.89999999999746,500.0,500.0,20.0
119.99999999999746,500.0,500.0,20.0
120.09999999999745,500.0,500.0,20.0
120.19999999999744,500.0,500.0,20.0
120.29999999999744,500.0,500.0,20.0
120.39999999999743,500.0,500.0,20.0
120.49999999999743,500.0,500.0,20.0
120.59999999999742,500.0,500.0,20.0
120.69999999999742,500.0,500.0,20.0
120.79999999999741,500.0,500.0,20.0
120.8999999999974,500.0,500.0,20.0
120.9999999999974,500.0,500.0,20.0
121.0999999999974,500.0,500.0,20.0
121.19999999999739,500.0,500.0,20.0
121.29999999999738,500.0,500.0,20.0
121.39999999999738,500.0,500.0,20.0
121.49999999999737,500.0,500.0,20.0
121.59999999999737,500.0,500.0,20.0
121.69999999999736,500.0,500.0,20.0
121.79999999999735,500.0,500.0,20.0
121.89999999999735,500.0,500.0,20.0
121.99999999999734,500.0,500.0,20.0
122.09999999999734,500.0,500.0,20.0
122.19999999999733,500.0,500.0,20.0
122.29999999999733,500.0,500.0,20.0
122.39999999999732,500.0,500.0,20.0
122.49999999999731,500.0,500.0,20.0
122.59999999999731,500.0,500.0,20.0
122.6999999999973,500.0,500.0,20.0
122.7999999999973,500.0,500.0,20.0
122.89999999999729,500.0,500.0,20.0
122.99999999999729,500.0,500.0,20.0
123.09999999999728,500.0,500.0,20.0
123.19999999999727,500.0,500.0,20.0
123.29999999999727,500.0,500.0,20.0
123.39999999999726,500.0,500.0,20.0
123.49999999999726,500.0,500.0,20.0
123.59999999999725,500.0,500.0,20.0
123.69999999999725,500.0,500.0,20.0
123.79999999999724,500.0,500.0,20.0
123.89999999999723,500.0,500.0,20.0
123.99999999999723,500.0,500.0,20.0
124.09999999999722,500.0,500.0,20.0
124.19999999999722,500.0,500.0,20.0
124.29999999999721,500.0,500.0,20.0
124.3999999999972,500.0,500.0,20.0
124.4999999999972,500.0,500.0,20.0
124.5999999999972,500.0,500.0,20.0
124.69999999999719,500.0,500.0,20.0
124.79999999999718,500.0,500.0,20.0
124.89999999999718,500.0,500.0,20.0
124.99999999999717,500.0,500.0,20.0
125.09999999999717,500.0,500.0,20.0
125.19999999999716,500.0,500.0,20.0
125.29999999999715,500.0,500.0,20.0
125.39999999999715,500.0,500.0,20.0
125.49999999999714,500.0,500.0,20.0
125.59999999999714,500.0,500.0,20.0
125.69999999999713,500.0,500.0,20.0
125.79999999999713,500.0,500.0,20.0
125.89999999999712,500.0,500.0,20.0
125.99999999999712,500.0,500.0,20.0
126.09999999999711,500.0,500.0,20.0
126.1999999999971,500.0,500.0,20.0
126.2999999999971,500.0,500.0,20.0
126.39999999999709,500.0,500.0,20.0
126.49999999999709,500.0,500.0,20.0
126.59999999999708,500.0,500.0,20.0
126.69999999999708,500.0,500.0,20.0
126.79999999999707,500.0,500.0,20.0
126.89999999999706,500.0,500.0,20.0
126.99999999999706,500.0,500.0,20.0
127.09999999999705,500.0,500.0,20.0
127.19999999999705,500.0,500.0,20.0
127.29999999999704,500.0,500.0,20.0
127.39999999999704,500.0,500.0,20.0
127.49999999999703,500.0,500.0,20.0
127.59999999999702,500.0,500.0,20.0
127.69999999999702,500.0,500.0,20.0
127.79999999999701,500.0,500.0,20.0
127.89999999999701,500.0,500.0,20.0
127.999999999997,500.0,500.0,20.0
128.099999999997,500.0,500.0,20.0
128.199999999997,500.0,500.0,20.0
128.299999999997,500.0,500.0,20.0
128.399999999997,500.0,500.0,20.0
128.499999999997,500.0,500.0,20.0
128.59999999999698,500.0,500.0,20.0
128.69999999999698,500.0,500.0,20.0
128.79999999999697,500.0,500.0,20.0
128.89999999999696,500.0,500.0,20.0
128.99999999999696,500.0,500.0,20.0
129.09999999999695,500.0,500.0,20.0
129.19999999999695,500.0,500.0,20.0
129.29999999999694,500.0,500.0,20.0
129.39999999999694,500.0,500.0,20.0
129.49999999999693,500.0,500.0,20.0
129.59999999999692,500.0,500.0,20.0
129.69999999999692,500.0,500.0,20.0
129.7999999999969,500.0,500.0,20.0
129.8999999999969,500.0,500.0,20.0
129.9999999999969,500.0,500.0,20.0
130.0999999999969,500.0,500.0,20.0
130.1999999999969,500.0,500.0,20.0
130.29999999999688,500.0,500.0,20.0
130.39999999999688,500.0,500.0,20.0
130.49999999999687,500.0,500.0,20.0
130.59999999999687,500.0,500.0,20.0
130.69999999999686,500.0,500.0,20.0
130.79999999999686,500.0,500.0,20.0
130.89999999999685,500.0,500.0,20.0
130.99999999999685,500.0,500.0,20.0
131.09999999999684,500.0,500.0,20.0
131.19999999999683,500.0,500.0,20.0
131.29999999999683,500.0,500.0,20.0
131.39999999999682,500.0,500.0,20.0
131.49999999999682,500.0,500.0,20.0
131.5999999999968,500.0,500.0,20.0
131.6999999999968,500.0,500.0,20.0
131.7999999999968,500.0,500.0,20.0
131.8999999999968,500.0,500.0,20.0
131.9999999999968,500.0,500.0,20.0
132.09999999999678,500.0,500.0,20.0
132.19999999999678,500.0,500.0,20.0
132.29999999999677,500.0,500.0,20.0
132.39999999999677,500.0,500.0,20.0
132.49999999999676,500.0,500.0,20.0
132.59999999999675,500.0,500.0,20.0
132.69999999999675,500.0,500.0,20.0
132.79999999999674,500.0,500.0,20.0
132.89999999999674,500.0,500.0,20.0
132.99999999999673,500.0,500.0,20.0
133.09999999999673,500.0,500.0,20.0
133.19999999999672,500.0,500.0,20.0
133.29999999999671,500.0,500.0,20.0
133.3999999999967,500.0,500.0,20.0
133.4999999999967,500.0,500.0,20.0
133.5999999999967,500.0,500.0,20.0
133.6999999999967,500.0,500.0,20.0
133.7999999999967,500.0,500.0,20.0
133.89999999999668,500.0,500.0,20.0
133.99999999999667,500.0,500.0,20.0
134.09999999999667,500.0,500.0,20.0
134.19999999999666,500.0,500.0,20.0
134.29999999999666,500.0,500.0,20.0
134.39999999999665,500.0,500.0,20.0
134.49999999999665,500.0,500.0,20.0
134.59999999999664,500.0,500.0,20.0
134.69999999999663,500.0,500.0,20.0
134.79999999999663,500.0,500.0,20.0
134.89999999999662,500.0,500.0,20.0
134.99999999999662,500.0,500.0,20.0
135.0999999999966,500.0,500.0,20.0
135.1999999999966,500.0,500.0,20.0
135.2999999999966,500.0,500.0,20.0
135.3999999999966,500.0,500.0,20.0
135.4999999999966,500.0,500.0,20.0
135.59999999999658,500.0,500.0,20.0
135.69999999999658,500.0,500.0,20.0
135.79999999999657,500.0,500.0,20.0
135.89999999999657,500.0,500.0,20.0
135.99999999999656,500.0,500.0,20.0
136.09999999999656,500.0,500.0,20.0
136.19999999999655,500.0,500.0,20.0
136.29999999999654,500.0,500.0,20.0
136.39999999999654,500.0,500.0,20.0
136.49999999999653,500.0,500.0,20.0
136.59999999999653,500.0,500.0,20.0
136.69999999999652,500.0,500.0,20.0
136.79999999999652,500.0,500.0,20.0
136.8999999999965,500.0,500.0,20.0
136.9999999999965,500.0,500.0,20.0
137.0999999999965,500.0,500.0,20.0
137.1999999999965,500.0,500.0,20.0
137.2999999999965,500.0,500.0,20.0
137.39999999999648,500.0,500.0,20.0
137.49999999999648,500.0,500.0,20.0
137.59999999999647,500.0,500.0,20.0
137.69999999999646,500.0,500.0,20.0
137.79999999999646,500.0,500.0,20.0
137.89999999999645,500.0,500.0,20.0
137.99999999999645,500.0,500.0,20.0
138.09999999999644,500.0,500.0,20.0
138.19999999999644,500.0,500.0,20.0
138.29999999999643,500.0,500.0,20.0
138.39999999999642,500.0,500.0,20.0
138.49999999999642,500.0,500.0,20.0
138.5999999999964,500.0,500.0,20.0
138.6999999999964,500.0,500.0,20.0
138.7999999999964,500.0,500.0,20.0
138.8999999999964,500.0,500.0,20.0
138.9999999999964,500.0,500.0,20.0
139.09999999999638,500.0,500.0,20.0
139.19999999999638,500.0,500.0,20.0
139.29999999999637,500.0,500.0,20.0
139.39999999999637,500.0,500.0,20.0
139.49999999999636,500.0,500.0,20.0
139.59999999999636,500.0,500.0,20.0
139.69999999999635,500.0,500.0,20.0
139.79999999999634,500.0,500.0,20.0
139.89999999999634,500.0,500.0,20.0
139.99999999999633,500.0,500.0,20.0
140.09999999999633,500.0,500.0,20.0
140.19999999999632,500.0,500.0,20.0
140.29999999999632,500.0,500.0,20.0
140.3999999999963,500.0,500.0,20.0
140.4999999999963,500.0,500.0,20.0
140.5999999999963,500.0,500.0,20.0
140.6999999999963,500.0,500.0,20.0
140.7999999999963,500.0,500.0,20.0
140.89999999999628,500.0,500.0,20.0
140.99999999999628,500.0,500.0,20.0
141.09999999999627,500.0,500.0,20.0
141.19999999999627,500.0,500.0,20.0
141.29999999999626,500.0,500.0,20.0
141.39999999999625,500.0,500.0,20.0
141.49999999999625,500.0,500.0,20.0
141.59999999999624,500.0,500.0,20.0
141.69999999999624,500.0,500.0,20.0
141.79999999999623,500.0,500.0,20.0
141.89999999999623,500.0,500.0,20.0
141.99999999999622,500.0,500.0,20.0
142.09999999999621,500.0,500.0,20.0
142.1999999999962,500.0,500.0,20.0
142.2999999999962,500.0,500.0,20.0
142.3999999999962,500.0,500.0,20.0
142.4999999999962,500.0,500.0,20.0
142.5999999999962,500.0,500.0,20.0
142.69999999999618,500.0,500.0,20.0
142.79999999999617,500.0,500.0,20.0
142.89999999999617,500.0,500.0,20.0
142.99999999999616,500.0,500.0,20.0
143.09999999999616,500.0,500.0,20.0
143.19999999999615,500.0,500.0,20.0
143.29999999999615,500.0,500.0,20.0
143.39999999999614,500.0,500.0,20.0
143.49999999999613,500.0,500.0,20.0
143.59999999999613,500.0,500.0,20.0
143.69999999999612,500.0,500.0,20.0
143.79999999999612,500.0,500.0,20.0
143.8999999999961,500.0,500.0,20.0
143.9999999999961,500.0,500.0,20.0
144.0999999999961,500.0,500.0,20.0
144.1999999999961,500.0,500.0,20.0
144.2999999999961,500.0,500.0,20.0
144.39999999999608,500.0,500.0,20.0
144.49999999999608,500.0,500.0,20.0
144.59999999999607,500.0,500.0,20.0
144.69999999999607,500.0,500.0,20.0
144.79999999999606,500.0,500.0,20.0
144.89999999999606,500.0,500.0,20.0
144.99999999999605,500.0,500.0,20.0
145.09999999999604,500.0,500.0,20.0
145.19999999999604,500.0,500.0,20.0
145.29999999999603,500.0,500.0,20.0
145.39999999999603,500.0,500.0,20.0
145.49999999999602,500.0,500.0,20.0
145.59999999999602,500.0,500.0,20.0
145.699999999996,500.0,500.0,20.0
145.799999999996,500.0,500.0,20.0
145.899999999996,500.0,500.0,20.0
145.999999999996,500.0,500.0,20.0
146.099999999996,500.0,500.0,20.0
146.19999999999598,500.0,500.0,20.0
146.29999999999598,500.0,500.0,20.0
146.39999999999597,500.0,500.0,20.0
146.49999999999596,500.0,500.0,20.0
146.59999999999596,500.0,500.0,20.0
146.69999999999595,500.0,500.0,20.0
146.79999999999595,500.0,500.0,20.0
146.89999999999594,500.0,500.0,20.0
146.99999999999594,500.0,500.0,20.0
147.09999999999593,500.0,500.0,20.0
147.19999999999592,500.0,500.0,20.0
147.29999999999592,500.0,500.0,20.0
147.3999999999959,500.0,500.0,20.0
147.4999999999959,500.0,500.0,20.0
147.5999999999959,500.0,500.0,20.0
147.6999999999959,500.0,500.0,20.0
147.7999999999959,500.0,500.0,20.0
147.89999999999588,500.0,500.0,20.0
147.99999999999588,500.0,500.0,20.0
148.09999999999587,500.0,500.0,20.0
148.19999999999587,500.0,500.0,20.0
148.29999999999586,500.0,500.0,20.0
148.39999999999586,500.0,500.0,20.0
148.49999999999585,500.0,500.0,20.0
148.59999999999584,500.0,500.0,20.0
148.69999999999584,500.0,500.0,20.0
148.79999999999583,500.0,500.0,20.0
148.89999999999583,500.0,500.0,20.0
148.99999999999582,500.0,500.0,20.0
149.09999999999582,500.0,500.0,20.0
149.1999999999958,500.0,500.0,20.0
149.2999999999958,500.0,500.0,20.0
149.3999999999958,500.0,500.0,20.0
149.4999999999958,500.0,500.0,20.0
149.5999999999958,500.0,500.0,20.0
149.69999999999578,500.0,500.0,20.0
149.79999999999578,500.0,500.0,20.0
149.89999999999577,500.0,500.0,20.0
149.99999999999577,500.0,500.0,20.0
150.09999999999576,500.0,500.0,20.0
150.19999999999575,500.0,500.0,20.0
150.29999999999575,500.0,500.0,20.0
150.39999999999574,500.0,500.0,20.0
150.49999999999574,500.0,500.0,20.0
150.59999999999573,500.0,500.0,20.0
150.69999999999573,500.0,500.0,20.0
150.79999999999572,500.0,500.0,20.0
150.8999999999957,500.0,500.0,20.0
150.9999999999957,500.0,500.0,20.0
151.0999999999957,500.0,500.0,20.0
151.1999999999957,500.0,500.0,20.0
151.2999999999957,500.0,500.0,20.0
151.39999999999569,500.0,500.0,20.0
151.49999999999568,500.0,500.0,20.0
151.59999999999567,500.0,500.0,20.0
151.69999999999567,500.0,500.0,20.0
151.79999999999566,500.0,500.0,20.0
151.89999999999566,500.0,500.0,20.0
151.99999999999565,500.0,500.0,20.0
152.09999999999565,500.0,500.0,20.0
152.19999999999564,500.0,500.0,20.0
152.29999999999563,500.0,500.0,20.0
152.39999999999563,500.0,500.0,20.0
152.49999999999562,500.0,500.0,20.0
152.59999999999562,500.0,500.0,20.0
152.6999999999956,500.0,500.0,20.0
152.7999999999956,500.0,500.0,20.0
152.8999999999956,500.0,500.0,20.0
152.9999999999956,500.0,500.0,20.0
153.0999999999956,500.0,500.0,20.0
153.19999999999558,500.0,500.0,20.0
153.29999999999558,500.0,500.0,20.0
153.39999999999557,500.0,500.0,20.0
153.49999999999557,500.0,500.0,20.0
153.59999999999556,500.0,500.0,20.0
153.69999999999555,500.0,500.0,20.0
153.79999999999555,500.0,500.0,20.0
153.89999999999554,500.0,500.0,20.0
153.99999999999554,500.0,500.0,20.0
154.09999999999553,500.0,500.0,20.0
154.19999999999553,500.0,500.0,20.0
154.29999999999552,500.0,500.0,20.0
154.39999999999552,500.0,500.0,20.0
154.4999999999955,500.0,500.0,20.0
154.5999999999955,500.0,500.0,20.0
154.6999999999955,500.0,500.0,20.0
154.7999999999955,500.0,500.0,20.0
154.8999999999955,500.0,500.0,20.0
154.99999999999548,500.0,500.0,20.0
155.09999999999548,500.0,500.0,20.0
155.19999999999547,500.0,500.0,20.0
155.29999999999546,500.0,500.0,20.0
155.39999999999546,500.0,500.0,20.0
155.49999999999545,500.0,500.0,20.0
155.59999999999545,500.0,500.0,20.0
155.69999999999544,500.0,500.0,20.0
155.79999999999544,500.0,500.0,20.0
155.89999999999543,500.0,500.0,20.0
155.99999999999542,500.0,500.0,20.0
156.09999999999542,500.0,500.0,20.0
156.1999999999954,500.0,500.0,20.0
156.2999999999954,500.0,500.0,20.0
156.3999999999954,500.0,500.0,20.0
156.4999999999954,500.0,500.0,20.0
156.5999999999954,500.0,500.0,20.0
156.69999999999538,500.0,500.0,20.0
156.79999999999538,500.0,500.0,20.0
156.89999999999537,500.0,500.0,20.0
156.99999999999537,500.0,500.0,20.0
157.09999999999536,500.0,500.0,20.0
157.19999999999536,500.0,500.0,20.0
157.29999999999535,500.0,500.0,20.0
157.39999999999534,500.0,500.0,20.0
157.49999999999534,500.0,500.0,20.0
157.59999999999533,500.0,500.0,20.0
157.69999999999533,500.0,500.0,20.0
157.79999999999532,500.0,500.0,20.0
157.89999999999532,500.0,500.0,20.0
157.9999999999953,500.0,500.0,20.0
158.0999999999953,500.0,500.0,20.0
158.1999999999953,500.0,500.0,20.0
158.2999999999953,500.0,500.0,20.0
158.3999999999953,500.0,500.0,20.0
158.49999999999528,500.0,500.0,20.0
158.59999999999528,500.0,500.0,20.0
158.69999999999527,500.0,500.0,20.0
158.79999999999526,500.0,500.0,20.0
158.89999999999526,500.0,500.0,20.0
158.99999999999525,500.0,500.0,20.0
159.09999999999525,500.0,500.0,20.0
159.19999999999524,500.0,500.0,20.0
159.29999999999524,500.0,500.0,20.0
159.39999999999523,500.0,500.0,20.0
159.49999999999523,500.0,500.0,20.0
159.59999999999522,500.0,500.0,20.0
159.6999999999952,500.0,500.0,20.0
159.7999999999952,500.0,500.0,20.0
159.8999999999952,500.0,500.0,20.0
159.9999999999952,500.0,500.0,20.0
160.0999999999952,500.0,500.0,20.0
160.19999999999519,500.0,500.0,20.0
160.29999999999518,500.0,500.0,20.0
160.39999999999517,500.0,500.0,20.0
160.49999999999517,500.0,500.0,20.0
160.59999999999516,500.0,500.0,20.0
160.69999999999516,500.0,500.0,20.0
160.79999999999515,500.0,500.0,20.0
160.89999999999515,500.0,500.0,20.0
160.99999999999514,500.0,500.0,20.0
161.09999999999513,500.0,500.0,20.0
161.19999999999513,500.0,500.0,20.0
161.29999999999512,500.0,500.0,20.0
161.39999999999512,500.0,500.0,20.0
161.4999999999951,500.0,500.0,20.0
161.5999999999951,500.0,500.0,20.0
161.6999999999951,500.0,500.0,20.0
161.7999999999951,500.0,500.0,20.0
161.8999999999951,500.0,500.0,20.0
161.99999999999508,500.0,500.0,20.0
162.09999999999508,500.0,500.0,20.0
162.19999999999507,500.0,500.0,20.0
162.29999999999507,500.0,500.0,20.0
162.39999999999506,500.0,500.0,20.0
162.49999999999505,500.0,500.0,20.0
162.59999999999505,500.0,500.0,20.0
162.69999999999504,500.0,500.0,20.0
162.79999999999504,500.0,500.0,20.0
162.89999999999503,500.0,500.0,20.0
162.99999999999503,500.0,500.0,20.0
163.09999999999502,500.0,500.0,20.0
163.19999999999501,500.0,500.0,20.0
163.299999999995,500.0,500.0,20.0
163.399999999995,500.0,500.0,20.0
163.499999999995,500.0,500.0,20.0
163.599999999995,500.0,500.0,20.0
163.699999999995,500.0,500.0,20.0
163.79999999999498,500.0,500.0,20.0
163.89999999999498,500.0,500.0,20.0
163.99999999999497,500.0,500.0,20.0
164.09999999999496,500.0,500.0,20.0
164.19999999999496,500.0,500.0,20.0
164.29999999999495,500.0,500.0,20.0
164.39999999999495,500.0,500.0,20.0
164.49999999999494,500.0,500.0,20.0
164.59999999999494,500.0,500.0,20.0
164.69999999999493,500.0,500.0,20.0
164.79999999999492,500.0,500.0,20.0
164.89999999999492,500.0,500.0,20.0
164.9999999999949,500.0,500.0,20.0
165.0999999999949,500.0,500.0,20.0
165.1999999999949,500.0,500.0,20.0
165.2999999999949,500.0,500.0,20.0
165.3999999999949,500.0,500.0,20.0
165.49999999999488,500.0,500.0,20.0
165.59999999999488,500.0,500.0,20.0
165.69999999999487,500.0,500.0,20.0
165.79999999999487,500.0,500.0,20.0
165.89999999999486,500.0,500.0,20.0
165.99999999999486,500.0,500.0,20.0
166.09999999999485,500.0,500.0,20.0
166.19999999999484,500.0,500.0,20.0
166.29999999999484,500.0,500.0,20.0
166.39999999999483,500.0,500.0,20.0
166.49999999999483,500.0,500.0,20.0
166.59999999999482,500.0,500.0,20.0
166.69999999999482,500.0,500.0,20.0
166.7999999999948,500.0,500.0,20.0
166.8999999999948,500.0,500.0,20.0
166.9999999999948,500.0,500.0,20.0
167.0999999999948,500.0,500.0,20.0
167.1999999999948,500.0,500.0,20.0
167.29999999999478,500.0,500.0,20.0
167.39999999999478,500.0,500.0,20.0
167.49999999999477,500.0,500.0,20.0
167.59999999999476,500.0,500.0,20.0
167.69999999999476,500.0,500.0,20.0
167.79999999999475,500.0,500.0,20.0
167.89999999999475,500.0,500.0,20.0
167.99999999999474,500.0,500.0,20.0
168.09999999999474,500.0,500.0,20.0
168.19999999999473,500.0,500.0,20.0
168.29999999999472,500.0,500.0,20.0
168.39999999999472,500.0,500.0,20.0
168.4999999999947,500.0,500.0,20.0
168.5999999999947,500.0,500.0,20.0
168.6999999999947,500.0,500.0,20.0
168.7999999999947,500.0,500.0,20.0
168.8999999999947,500.0,500.0,20.0
168.99999999999469,500.0,500.0,20.0
169.09999999999468,500.0,500.0,20.0
169.19999999999467,500.0,500.0,20.0
169.29999999999467,500.0,500.0,20.0
169.39999999999466,500.0,500.0,20.0
169.49999999999466,500.0,500.0,20.0
169.59999999999465,500.0,500.0,20.0
169.69999999999465,500.0,500.0,20.0
169.79999999999464,500.0,500.0,20.0
169.89999999999463,500.0,500.0,20.0
169.99999999999463,500.0,500.0,20.0
170.09999999999462,500.0,500.0,20.0
170.19999999999462,500.0,500.0,20.0
170.2999999999946,500.0,500.0,20.0
170.3999999999946,500.0,500.0,20.0
170.4999999999946,500.0,500.0,20.0
170.5999999999946,500.0,500.0,20.0
170.6999999999946,500.0,500.0,20.0
170.79999999999458,500.0,500.0,20.0
170.89999999999458,500.0,500.0,20.0
170.99999999999457,500.0,500.0,20.0
171.09999999999457,500.0,500.0,20.0
171.19999999999456,500.0,500.0,20.0
171.29999999999455,500.0,500.0,20.0
171.39999999999455,500.0,500.0,20.0
171.49999999999454,500.0,500.0,20.0
171.59999999999454,500.0,500.0,20.0
171.69999999999453,500.0,500.0,20.0
171.79999999999453,500.0,500.0,20.0
171.89999999999452,500.0,500.0,20.0
171.99999999999451,500.0,500.0,20.0
172.0999999999945,500.0,500.0,20.0
172.1999999999945,500.0,500.0,20.0
172.2999999999945,500.0,500.0,20.0
172.3999999999945,500.0,500.0,20.0
172.4999999999945,500.0,500.0,20.0
172.59999999999448,500.0,500.0,20.0
172.69999999999447,500.0,500.0,20.0
172.79999999999447,500.0,500.0,20.0
172.89999999999446,500.0,500.0,20.0
172.99999999999446,500.0,500.0,20.0
173.09999999999445,500.0,500.0,20.0
173.19999999999445,500.0,500.0,20.0
173.29999999999444,500.0,500.0,20.0
173.39999999999444,500.0,500.0,20.0
173.49999999999443,500.0,500.0,20.0
173.59999999999442,500.0,500.0,20.0
173.69999999999442,500.0,500.0,20.0
173.7999999999944,500.0,500.0,20.0
173.8999999999944,500.0,500.0,20.0
173.9999999999944,500.0,500.0,20.0
174.0999999999944,500.0,500.0,20.0
174.1999999999944,500.0,500.0,20.0
174.29999999999438,500.0,500.0,20.0
174.39999999999438,500.0,500.0,20.0
174.49999999999437,500.0,500.0,20.0
174.59999999999437,500.0,500.0,20.0
174.69999999999436,500.0,500.0,20.0
174.79999999999436,500.0,500.0,20.0
174.89999999999435,500.0,500.0,20.0
174.99999999999434,500.0,500.0,20.0
175.09999999999434,500.0,500.0,20.0
175.19999999999433,500.0,500.0,20.0
175.29999999999433,500.0,500.0,20.0
175.39999999999432,500.0,500.0,20.0
175.49999999999432,500.0,500.0,20.0
175.5999999999943,500.0,500.0,20.0
175.6999999999943,500.0,500.0,20.0
175.7999999999943,500.0,500.0,20.0
175.8999999999943,500.0,500.0,20.0
175.9999999999943,500.0,500.0,20.0
176.09999999999428,500.0,500.0,20.0
176.19999999999428,500.0,500.0,20.0
176.29999999999427,500.0,500.0,20.0
176.39999999999426,500.0,500.0,20.0
176.49999999999426,500.0,500.0,20.0
176.59999999999425,500.0,500.0,20.0
176.69999999999425,500.0,500.0,20.0
176.79999999999424,500.0,500.0,20.0
176.89999999999424,500.0,500.0,20.0
176.99999999999423,500.0,500.0,20.0
177.09999999999422,500.0,500.0,20.0
177.19999999999422,500.0,500.0,20.0
177.2999999999942,500.0,500.0,20.0
177.3999999999942,500.0,500.0,20.0
177.4999999999942,500.0,500.0,20.0
177.5999999999942,500.0,500.0,20.0
177.6999999999942,500.0,500.0,20.0
177.79999999999418,500.0,500.0,20.0
177.89999999999418,500.0,500.0,20.0
177.99999999999417,500.0,500.0,20.0
178.09999999999417,500.0,500.0,20.0
178.19999999999416,500.0,500.0,20.0
178.29999999999416,500.0,500.0,20.0
178.39999999999415,500.0,500.0,20.0
178.49999999999415,500.0,500.0,20.0
178.59999999999414,500.0,500.0,20.0
178.69999999999413,500.0,500.0,20.0
178.79999999999413,500.0,500.0,20.0
178.89999999999412,500.0,500.0,20.0
178.99999999999412,500.0,500.0,20.0
179.0999999999941,500.0,500.0,20.0
179.1999999999941,500.0,500.0,20.0
179.2999999999941,500.0,500.0,20.0
179.3999999999941,500.0,500.0,20.0
179.4999999999941,500.0,500.0,20.0
179.59999999999408,500.0,500.0,20.0
179.69999999999408,500.0,500.0,20.0
179.79999999999407,500.0,500.0,20.0
179.89999999999407,500.0,500.0,20.0
179.99999999999406,500.0,500.0,20.0
180.09999999999405,500.0,500.0,20.0
180.19999999999405,500.0,500.0,20.0
180.29999999999404,500.0,500.0,20.0
180.39999999999404,500.0,500.0,20.0
180.49999999999403,500.0,500.0,20.0
180.59999999999403,500.0,500.0,20.0
180.69999999999402,500.0,500.0,20.0
180.79999999999401,500.0,500.0,20.0
180.899999999994,500.0,500.0,20.0
180.999999999994,500.0,500.0,20.0
181.099999999994,500.0,500.0,20.0
181.199999999994,500.0,500.0,20.0
181.299999999994,500.0,500.0,20.0
181.39999999999398,500.0,500.0,20.0
181.49999999999397,500.0,500.0,20.0
181.59999999999397,500.0,500.0,20.0
181.69999999999396,500.0,500.0,20.0
181.79999999999396,500.0,500.0,20.0
181.89999999999395,500.0,500.0,20.0
181.99999999999395,500.0,500.0,20.0
182.09999999999394,500.0,500.0,20.0
182.19999999999393,500.0,500.0,20.0
182.29999999999393,500.0,500.0,20.0
182.39999999999392,500.0,500.0,20.0
182.49999999999392,500.0,500.0,20.0
182.5999999999939,500.0,500.0,20.0
182.6999999999939,500.0,500.0,20.0
182.7999999999939,500.0,500.0,20.0
182.8999999999939,500.0,500.0,20.0
182.9999999999939,500.0,500.0,20.0
183.09999999999388,500.0,500.0,20.0
183.19999999999388,500.0,500.0,20.0
183.29999999999387,500.0,500.0,20.0
183.39999999999387,500.0,500.0,20.0
183.49999999999386,500.0,500.0,20.0
183.59999999999386,500.0,500.0,20.0
183.69999999999385,500.0,500.0,20.0
183.79999999999384,500.0,500.0,20.0
183.89999999999384,500.0,500.0,20.0
183.99999999999383,500.0,500.0,20.0
184.09999999999383,500.0,500.0,20.0
184.19999999999382,500.0,500.0,20.0
184.29999999999382,500.0,500.0,20.0
184.3999999999938,500.0,500.0,20.0
184.4999999999938,500.0,500.0,20.0
184.5999999999938,500.0,500.0,20.0
184.6999999999938,500.0,500.0,20.0
184.7999999999938,500.0,500.0,20.0
184.89999999999378,500.0,500.0,20.0
184.99999999999378,500.0,500.0,20.0
185.09999999999377,500.0,500.0,20.0
185.19999999999376,500.0,500.0,20.0
185.29999999999376,500.0,500.0,20.0
185.39999999999375,500.0,500.0,20.0
185.49999999999375,500.0,500.0,20.0
185.59999999999374,500.0,500.0,20.0
185.69999999999374,500.0,500.0,20.0
185.79999999999373,500.0,500.0,20.0
185.89999999999372,500.0,500.0,20.0
185.99999999999372,500.0,500.0,20.0
186.0999999999937,500.0,500.0,20.0
186.1999999999937,500.0,500.0,20.0
186.2999999999937,500.0,500.0,20.0
186.3999999999937,500.0,500.0,20.0
186.4999999999937,500.0,500.0,20.0
186.59999999999368,500.0,500.0,20.0
186.69999999999368,500.0,500.0,20.0
186.79999999999367,500.0,500.0,20.0
186.89999999999367,500.0,500.0,20.0
186.99999999999366,500.0,500.0,20.0
187.09999999999366,500.0,500.0,20.0
187.19999999999365,500.0,500.0,20.0
187.29999999999364,500.0,500.0,20.0
187.39999999999364,500.0,500.0,20.0
187.49999999999363,500.0,500.0,20.0
187.59999999999363,500.0,500.0,20.0
187.69999999999362,500.0,500.0,20.0
187.79999999999362,500.0,500.0,20.0
187.8999999999936,500.0,500.0,20.0
187.9999999999936,500.0,500.0,20.0
188.0999999999936,500.0,500.0,20.0
188.1999999999936,500.0,500.0,20.0
188.2999999999936,500.0,500.0,20.0
188.39999999999358,500.0,500.0,20.0
188.49999999999358,500.0,500.0,20.0
188.59999999999357,500.0,500.0,20.0
188.69999999999357,500.0,500.0,20.0
188.79999999999356,500.0,500.0,20.0
188.89999999999355,500.0,500.0,20.0
188.99999999999355,500.0,500.0,20.0
189.09999999999354,500.0,500.0,20.0
189.19999999999354,500.0,500.0,20.0
189.29999999999353,500.0,500.0,20.0
189.39999999999353,500.0,500.0,20.0
189.49999999999352,500.0,500.0,20.0
189.5999999999935,500.0,500.0,20.0
189.6999999999935,500.0,500.0,20.0
189.7999999999935,500.0,500.0,20.0
189.8999999999935,500.0,500.0,20.0
189.9999999999935,500.0,500.0,20.0
190.09999999999349,500.0,500.0,20.0
190.19999999999348,500.0,500.0,20.0
190.29999999999347,500.0,500.0,20.0
190.39999999999347,500.0,500.0,20.0
190.49999999999346,500.0,500.0,20.0
190.59999999999346,500.0,500.0,20.0
190.69999999999345,500.0,500.0,20.0
190.79999999999345,500.0,500.0,20.0
190.89999999999344,500.0,500.0,20.0
190.99999999999343,500.0,500.0,20.0
191.09999999999343,500.0,500.0,20.0
191.19999999999342,500.0,500.0,20.0
191.29999999999342,500.0,500.0,20.0
191.3999999999934,500.0,500.0,20.0
191.4999999999934,500.0,500.0,20.0
191.5999999999934,500.0,500.0,20.0
191.6999999999934,500.0,500.0,20.0
191.7999999999934,500.0,500.0,20.0
191.89999999999338,500.0,500.0,20.0
191.99999999999338,500.0,500.0,20.0
192.09999999999337,500.0,500.0,20.0
192.19999999999337,500.0,500.0,20.0
192.29999999999336,500.0,500.0,20.0
192.39999999999336,500.0,500.0,20.0
192.49999999999335,500.0,500.0,20.0
192.59999999999334,500.0,500.0,20.0
192.69999999999334,500.0,500.0,20.0
192.79999999999333,500.0,500.0,20.0
192.89999999999333,500.0,500.0,20.0
192.99999999999332,500.0,500.0,20.0
193.09999999999332,500.0,500.0,20.0
193.1999999999933,500.0,500.0,20.0
193.2999999999933,500.0,500.0,20.0
193.3999999999933,500.0,500.0,20.0
193.4999999999933,500.0,500.0,20.0
193.5999999999933,500.0,500.0,20.0
193.69999999999328,500.0,500.0,20.0
193.79999999999328,500.0,500.0,20.0
193.89999999999327,500.0,500.0,20.0
193.99999999999326,500.0,500.0,20.0
194.09999999999326,500.0,500.0,20.0
194.19999999999325,500.0,500.0,20.0
194.29999999999325,500.0,500.0,20.0
194.39999999999324,500.0,500.0,20.0
194.49999999999324,500.0,500.0,20.0
194.59999999999323,500.0,500.0,20.0
194.69999999999322,500.0,500.0,20.0
194.79999999999322,500.0,500.0,20.0
194.8999999999932,500.0,500.0,20.0
194.9999999999932,500.0,500.0,20.0
195.0999999999932,500.0,500.0,20.0
195.1999999999932,500.0,500.0,20.0
195.2999999999932,500.0,500.0,20.0
195.39999999999318,500.0,500.0,20.0
195.49999999999318,500.0,500.0,20.0
195.59999999999317,500.0,500.0,20.0
195.69999999999317,500.0,500.0,20.0
195.79999999999316,500.0,500.0,20.0
195.89999999999316,500.0,500.0,20.0
195.99999999999315,500.0,500.0,20.0
196.09999999999314,500.0,500.0,20.0
196.19999999999314,500.0,500.0,20.0
196.29999999999313,500.0,500.0,20.0
196.39999999999313,500.0,500.0,20.0
196.49999999999312,500.0,500.0,20.0
196.59999999999312,500.0,500.0,20.0
196.6999999999931,500.0,500.0,20.0
196.7999999999931,500.0,500.0,20.0
196.8999999999931,500.0,500.0,20.0
196.9999999999931,500.0,500.0,20.0
197.0999999999931,500.0,500.0,20.0
197.19999999999308,500.0,500.0,20.0
197.29999999999308,500.0,500.0,20.0
197.39999999999307,500.0,500.0,20.0
197.49999999999307,500.0,500.0,20.0
197.59999999999306,500.0,500.0,20.0
197.69999999999305,500.0,500.0,20.0
197.79999999999305,500.0,500.0,20.0
197.89999999999304,500.0,500.0,20.0
197.99999999999304,500.0,500.0,20.0
198.09999999999303,500.0,500.0,20.0
198.19999999999303,500.0,500.0,20.0
198.29999999999302,500.0,500.0,20.0
198.399999999993,500.0,500.0,20.0
198.499999999993,500.0,500.0,20.0
198.599999999993,500.0,500.0,20.0
198.699999999993,500.0,500.0,20.0
198.799999999993,500.0,500.0,20.0
198.89999999999299,500.0,500.0,20.0
198.99999999999298,500.0,500.0,20.0
199.09999999999297,500.0,500.0,20.0
199.19999999999297,500.0,500.0,20.0
199.29999999999296,500.0,500.0,20.0
199.39999999999296,500.0,500.0,20.0
199.49999999999295,500.0,500.0,20.0
199.59999999999295,500.0,500.0,20.0
199.69999999999294,500.0,500.0,20.0
199.79999999999293,500.0,500.0,20.0
199.89999999999293,500.0,500.0,20.0
199.99999999999292,500.0,500.0,20.0
