time,x,y,z
0,250.0,250.0,20.0
0.1,248.06662343536547,249.48808686349935,20.0
0.2,246.13324687073094,248.9761737269987,20.0
0.30000000000000004,244.19987030609641,248.46426059049804,20.0
0.4,242.2664937414619,247.9523474539974,20.0
0.5,240.33311717682736,247.44043431749674,20.0
0.6,238.39974061219283,246.92852118099609,20.0
0.7,236.4663640475583,246.41660804449543,20.0
0.7999999999999999,234.53298748292377,245.90469490799478,20.0
0.8999999999999999,232.59961091828924,245.39278177149413,20.0
0.9999999999999999,230.6662343536547,244.88086863499348,20.0
1.0999999999999999,228.73285778902016,244.36895549849282,20.0
1.2,226.79948122438563,243.85704236199217,20.0
1.3,224.8661046597511,243.34512922549152,20.0
1.4000000000000001,222.93272809511654,242.83321608899087,20.0
1.5000000000000002,220.99935153048202,242.3213029524902,20.0
1.6000000000000003,219.0659749658475,241.80938981598956,20.0
1.7000000000000004,217.13259840121293,241.2974766794889,20.0
1.8000000000000005,215.19922183657837,240.78556354298826,20.0
1.9000000000000006,213.26584527194382,240.2736504064876,20.0
2.0000000000000004,211.3324687073093,239.76173726998695,20.0
2.1000000000000005,209.39909214267476,239.2498241334863,20.0
2.2000000000000006,207.4657155780402,238.73791099698565,20.0
2.3000000000000007,205.53233901340565,238.225997860485,20.0
2.400000000000001,203.5989624487711,237.71408472398434,20.0
2.500000000000001,201.66558588413653,237.2021715874837,20.0
2.600000000000001,199.73220931950198,236.69025845098304,20.0
2.700000000000001,197.79883275486742,236.17834531448239,20.0
2.800000000000001,195.8654561902329,235.66643217798173,20.0
2.9000000000000012,193.93207962559836,235.15451904148108,20.0
3.0000000000000013,191.99870306096383,234.64260590498043,20.0
3.1000000000000014,190.0653264963293,234.13069276847978,20.0
3.2000000000000015,188.13194993169475,233.61877963197912,20.0
3.3000000000000016,186.1985733670602,233.10686649547847,20.0
3.4000000000000017,184.26519680242563,232.59495335897782,20.0
3.5000000000000018,182.33182023779108,232.08304022247717,20.0
3.600000000000002,180.39844367315652,231.5711270859765,20.0
3.700000000000002,178.46506710852196,231.05921394947586,20.0
3.800000000000002,176.5316905438874,230.5473008129752,20.0
3.900000000000002,174.59831397925285,230.03538767647456,20.0
4.000000000000002,172.66493741461832,229.5234745399739,20.0
4.100000000000001,170.7315608499838,229.01156140347325,20.0
4.200000000000001,168.79818428534924,228.4996482669726,20.0
4.300000000000001,166.86480772071468,227.98773513047195,20.0
4.4,164.93143115608015,227.4758219939713,20.0
4.5,162.9980545914456,226.96390885747064,20.0
4.6,161.06467802681107,226.45199572097,20.0
4.699999999999999,160.80244601998012,226.3825627860916,20.0
4.799999999999999,160.80244601998012,226.3825627860916,20.0
4.899999999999999,161.4691992693277,228.268150255419,20.0
4.999999999999998,162.13595251867528,230.15373772474638,20.0
5.099999999999998,162.80270576802286,232.03932519407377,20.0
5.1999999999999975,163.46945901737044,233.92491266340116,20.0
5.299999999999997,164.13621226671802,235.81050013272855,20.0
5.399999999999997,164.8029655160656,237.69608760205594,20.0
5.4999999999999964,165.46971876541318,239.58167507138333,20.0
5.599999999999996,166.13647201476078,241.46726254071072,20.0
5.699999999999996,166.80322526410836,243.3528500100381,20.0
5.799999999999995,167.46997851345597,245.2384374793655,20.0
5.899999999999995,168.13673176280358,247.1240249486929,20.0
5.999999999999995,168.80348501215116,249.00961241802028,20.0
6.099999999999994,169.47023826149876,250.89519988734767,20.0
6.199999999999994,170.13699151084637,252.78078735667506,20.0
6.299999999999994,170.80374476019395,254.66637482600245,20.0
6.399999999999993,171.18067388562125,255.73233563898035,20.0
6.499999999999993,171.18067388562125,255.73233563898035,20.0
6.5999999999999925,172.00349851755348,257.5552343265342,20.0
6.699999999999992,172.82632314948572,259.37813301408806,20.0
6.799999999999992,173.64914778141795,261.2010317016419,20.0
6.8999999999999915,174.47197241335016,263.02393038919575,20.0
6.999999999999991,175.29479704528237,264.8468290767496,20.0
7.099999999999991,176.1176216772146,266.66972776430345,20.0
7.19999999999999,176.9404463091468,268.4926264518573,20.0
7.29999999999999,177.03015439993135,268.69136717327945,20.0
7.39999999999999,177.03015439993135,268.69136717327945,20.0
7.499999999999989,176.54824971892015,270.63244107151706,20.0
7.599999999999989,176.06634503790895,272.5735149697547,20.0
7.699999999999989,175.58444035689774,274.5145888679923,20.0
7.799999999999988,175.10253567588654,276.4556627662299,20.0
7.899999999999988,174.62063099487534,278.39673666446754,20.0
7.999999999999988,174.13872631386414,280.33781056270516,20.0
8.099999999999987,173.65682163285294,282.2788844609428,20.0
8.199999999999987,173.17491695184174,284.2199583591804,20.0
8.299999999999986,172.69301227083054,286.161032257418,20.0
8.399999999999986,172.21110758981933,288.10210615565563,20.0
8.499999999999986,171.72920290880813,290.04318005389325,20.0
8.599999999999985,171.24729822779693,291.98425395213087,20.0
8.699999999999985,170.7653935467857,293.9253278503685,20.0
8.799999999999985,170.2834888657745,295.8664017486061,20.0
8.899999999999984,169.8015841847633,297.8074756468437,20.0
8.999999999999984,169.3196795037521,299.74854954508135,20.0
9.099999999999984,168.83777482274087,301.68962344331896,20.0
9.199999999999983,168.35587014172967,303.6306973415566,20.0
9.299999999999983,167.87396546071847,305.5717712397942,20.0
9.399999999999983,167.39206077970724,307.5128451380318,20.0
9.499999999999982,166.91015609869604,309.45391903626944,20.0
9.599999999999982,166.42825141768483,311.39499293450706,20.0
9.699999999999982,165.94634673667363,313.3360668327447,20.0
9.799999999999981,165.4644420556624,315.2771407309823,20.0
9.89999999999998,164.9825373746512,317.2182146292199,20.0
9.99999999999998,164.50063269364,319.15928852745753,20.0
10.09999999999998,164.01872801262877,321.10036242569515,20.0
10.19999999999998,163.53682333161757,323.04143632393277,20.0
10.29999999999998,163.21413457915529,324.3412010685812,20.0
10.399999999999979,163.21413457915529,324.3412010685812,20.0
10.499999999999979,161.6208198289419,323.1323387493932,20.0
10.599999999999978,160.02750507872852,321.92347643020526,20.0
10.699999999999978,158.43419032851514,320.7146141110173,20.0
10.799999999999978,156.84087557830176,319.5057517918293,20.0
10.899999999999977,155.24756082808838,318.29688947264134,20.0
10.999999999999977,153.654246077875,317.08802715345337,20.0
11.099999999999977,152.06093132766162,315.8791648342654,20.0
11.199999999999976,150.46761657744824,314.6703025150774,20.0
11.299999999999976,148.87430182723486,313.46144019588945,20.0
11.399999999999975,147.28098707702148,312.2525778767015,20.0
11.499999999999975,145.6876723268081,311.0437155575135,20.0
11.599999999999975,144.09435757659472,309.83485323832554,20.0
11.699999999999974,142.50104282638134,308.62599091913756,20.0
11.799999999999974,140.90772807616796,307.4171285999496,20.0
11.899999999999974,139.31441332595458,306.2082662807616,20.0
11.999999999999973,137.7210985757412,304.99940396157365,20.0
12.099999999999973,136.1277838255278,303.7905416423857,20.0
12.199999999999973,134.53446907531443,302.5816793231977,20.0
12.299999999999972,132.94115432510108,301.37281700400973,20.0
12.399999999999972,131.3478395748877,300.16395468482176,20.0
12.499999999999972,129.75452482467432,298.9550923656338,20.0
12.599999999999971,128.16121007446094,297.7462300464458,20.0
12.69999999999997,126.56789532424757,296.53736772725784,20.0
12.79999999999997,124.9745805740342,295.3285054080699,20.0
12.89999999999997,123.38126582382084,294.1196430888819,20.0
12.99999999999997,121.78795107360747,292.91078076969393,20.0
13.09999999999997,120.1946363233941,291.70191845050596,20.0
13.199999999999969,118.60132157318074,290.493056131318,20.0
13.299999999999969,117.00800682296737,289.28419381213,20.0
13.399999999999968,115.41469207275401,288.07533149294204,20.0
13.499999999999968,113.82137732254064,286.86646917375407,20.0
13.599999999999968,112.22806257232727,285.6576068545661,20.0
13.699999999999967,111.83337274232625,285.35815210892275,20.0
13.799999999999967,109.83441263247215,285.29366583742166,20.0
13.899999999999967,107.83545252261806,285.22917956592056,20.0
13.999999999999966,105.83649241276396,285.1646932944194,20.0
14.099999999999966,103.83753230290986,285.1002070229183,20.0
14.199999999999966,101.83857219305577,285.03572075141716,20.0
14.299999999999965,99.83961208320167,284.97123447991606,20.0
14.399999999999965,97.84065197334758,284.9067482084149,20.0
14.499999999999964,95.84169186349348,284.8422619369138,20.0
14.599999999999964,93.84273175363938,284.77777566541266,20.0
14.699999999999964,91.84377164378529,284.71328939391157,20.0
14.799999999999963,90.04785576784113,284.655353310946,20.0
14.899999999999963,90.34477354169854,282.67751614991187,20.0
14.999999999999963,90.64169131555596,280.69967898887774,20.0
15.099999999999962,90.93860908941338,278.7218418278436,20.0
15.199999999999962,91.23552686327079,276.7440046668095,20.0
15.299999999999962,91.53244463712821,274.76616750577534,20.0
15.399999999999961,91.82936241098562,272.7883303447412,20.0
15.499999999999961,92.12628018484304,270.8104931837071,20.0
15.59999999999996,92.42319795870046,268.83265602267295,20.0
15.69999999999996,92.72011573255787,266.8548188616388,20.0
15.79999999999996,93.01703350641529,264.8769817006047,20.0
15.89999999999996,93.3139512802727,262.89914453957056,20.0
15.99999999999996,93.61086905413012,260.9213073785364,20.0
16.09999999999996,93.90778682798754,258.9434702175023,20.0
16.19999999999996,94.20470460184495,256.96563305646816,20.0
16.29999999999996,94.50162237570235,254.98779589543403,20.0
16.399999999999963,94.79854014955977,253.0099587343999,20.0
16.499999999999964,95.09545792341717,251.03212157336577,20.0
16.599999999999966,95.39237569727459,249.05428441233164,20.0
16.699999999999967,95.68929347113199,247.0764472512975,20.0
16.79999999999997,95.82746104381013,246.15608146738876,20.0
16.89999999999997,95.82746104381013,246.15608146738876,20.0
16.99999999999997,97.43676422343351,244.96858693011538,20.0
17.099999999999973,99.0460674030569,243.781092392842,20.0
17.199999999999974,100.65537058268028,242.59359785556865,20.0
17.299999999999976,102.26467376230366,241.40610331829527,20.0
17.399999999999977,103.87397694192704,240.21860878102189,20.0
17.49999999999998,105.48328012155042,239.03111424374853,20.0
17.59999999999998,107.0925833011738,237.84361970647515,20.0
17.69999999999998,108.70188648079719,236.6561251692018,20.0
17.799999999999983,110.31118966042057,235.46863063192842,20.0
17.899999999999984,111.92049284004395,234.28113609465504,20.0
17.999999999999986,113.52979601966733,233.0936415573817,20.0
18.099999999999987,115.13909919929071,231.9061470201083,20.0
18.19999999999999,116.7484023789141,230.71865248283495,20.0
18.29999999999999,118.35770555853748,229.53115794556157,20.0
18.39999999999999,119.96700873816086,228.3436634082882,20.0
18.499999999999993,121.57631191778424,227.15616887101484,20.0
18.599999999999994,123.18561509740762,225.96867433374146,20.0
18.699999999999996,124.794918277031,224.7811797964681,20.0
18.799999999999997,126.40422145665438,223.59368525919473,20.0
18.9,128.01352463627777,222.40619072192135,20.0
19.0,129.62282781590113,221.218696184648,20.0
19.1,131.2321309955245,220.03120164737464,20.0
19.200000000000003,132.47867501189154,219.11138477964616,20.0
19.300000000000004,132.47867501189154,219.11138477964616,20.0
19.400000000000006,131.65372858791866,217.28944531918805,20.0
19.500000000000007,130.8287821639458,215.46750585872994,20.0
19.60000000000001,130.0038357399729,213.64556639827182,20.0
19.70000000000001,129.17888931600004,211.8236269378137,20.0
19.80000000000001,128.35394289202716,210.0016874773556,20.0
19.900000000000013,127.52899646805429,208.1797480168975,20.0
20.000000000000014,126.70405004408141,206.35780855643938,20.0
20.100000000000016,125.87910362010854,204.53586909598127,20.0
20.200000000000017,125.05415719613566,202.71392963552316,20.0
20.30000000000002,124.22921077216277,200.89199017506505,20.0
20.40000000000002,123.4042643481899,199.07005071460694,20.0
20.50000000000002,122.57931792421701,197.24811125414882,20.0
20.600000000000023,121.75437150024412,195.4261717936907,20.0
20.700000000000024,120.92942507627123,193.6042323332326,20.0
20.800000000000026,120.10447865229834,191.7822928727745,20.0
20.900000000000027,119.27953222832545,189.96035341231638,20.0
21.00000000000003,118.45458580435258,188.13841395185827,20.0
21.10000000000003,117.62963938037969,186.31647449140016,20.0
21.20000000000003,116.8046929564068,184.49453503094205,20.0
21.300000000000033,115.97974653243391,182.67259557048394,20.0
21.400000000000034,115.15480010846102,180.85065611002582,20.0
21.500000000000036,114.32985368448813,179.0287166495677,20.0
21.600000000000037,113.50490726051524,177.2067771891096,20.0
21.70000000000004,112.67996083654236,175.3848377286515,20.0
21.80000000000004,111.85501441256947,173.56289826819338,20.0
21.90000000000004,111.03006798859658,171.74095880773527,20.0
22.000000000000043,110.62972686766793,170.85678346656437,20.0
22.100000000000044,110.62972686766793,170.85678346656437,20.0
22.200000000000045,109.33803225337184,172.38371667512277,20.0
22.300000000000047,108.04633763907574,173.91064988368117,20.0
22.40000000000005,106.75464302477965,175.43758309223958,20.0
22.50000000000005,105.46294841048356,176.96451630079798,20.0
22.60000000000005,104.17125379618747,178.49144950935639,20.0
22.700000000000053,102.87955918189138,180.0183827179148,20.0
22.800000000000054,101.58786456759529,181.5453159264732,20.0
22.900000000000055,100.2961699532992,183.0722491350316,20.0
23.000000000000057,99.00447533900311,184.59918234359,20.0
23.10000000000006,97.71278072470702,186.1261155521484,20.0
23.20000000000006,96.42108611041093,187.6530487607068,20.0
23.30000000000006,95.12939149611483,189.1799819692652,20.0
23.400000000000063,93.83769688181874,190.70691517782362,20.0
23.500000000000064,92.54600226752265,192.23384838638202,20.0
23.600000000000065,91.25430765322656,193.76078159494043,20.0
23.700000000000067,89.96261303893047,195.28771480349883,20.0
23.800000000000068,88.6709184246344,196.81464801205723,20.0
23.90000000000007,87.37922381033832,198.34158122061564,20.0
24.00000000000007,86.08752919604224,199.86851442917404,20.0
24.100000000000072,84.79583458174616,201.39544763773245,20.0
24.200000000000074,83.50413996745009,202.92238084629085,20.0
24.300000000000075,82.21244535315401,204.44931405484925,20.0
24.400000000000077,80.92075073885793,205.97624726340766,20.0
24.500000000000078,79.62905612456186,207.50318047196606,20.0
24.60000000000008,78.33736151026578,209.0301136805245,20.0
24.70000000000008,78.01102829750766,209.41587747802043,20.0
24.800000000000082,78.01102829750766,209.41587747802043,20.0
24.900000000000084,76.11790535510197,208.77083056117084,20.0
25.000000000000085,74.22478241269627,208.12578364432125,20.0
25.100000000000087,72.33165947029057,207.48073672747165,20.0
25.200000000000088,70.43853652788488,206.83568981062206,20.0
25.30000000000009,68.54541358547918,206.19064289377246,20.0
25.40000000000009,66.65229064307348,205.54559597692287,20.0
25.500000000000092,64.75916770066779,204.90054906007327,20.0
25.600000000000094,62.866044758262085,204.25550214322368,20.0
25.700000000000095,60.97292181585638,203.61045522637409,20.0
25.800000000000097,59.079798873450684,202.9654083095245,20.0
25.900000000000098,57.18667593104499,202.3203613926749,20.0
26.0000000000001,55.29355298863929,201.67531447582527,20.0
26.1000000000001,53.400430046233595,201.03026755897568,20.0
26.200000000000102,51.5073071038279,200.38522064212606,20.0
26.300000000000104,49.6141841614222,199.74017372527646,20.0
26.400000000000105,47.721061219016505,199.09512680842684,20.0
26.500000000000107,45.82793827661081,198.45007989157725,20.0
26.600000000000108,43.93481533420511,197.80503297472762,20.0
26.70000000000011,42.041692391799415,197.15998605787803,20.0
26.80000000000011,40.14856944939372,196.5149391410284,20.0
26.900000000000112,38.255446506988015,195.8698922241788,20.0
27.000000000000114,36.36232356458232,195.2248453073292,20.0
27.100000000000115,34.469200622176615,194.5797983904796,20.0
27.200000000000117,32.57607767977092,193.93475147362997,20.0
27.300000000000118,31.0648131193898,193.41981579598237,20.0
27.40000000000012,31.0648131193898,193.41981579598237,20.0
27.50000000000012,29.29205986356236,192.49388605029256,20.0
27.600000000000122,27.519306607734922,191.56795630460275,20.0
27.700000000000124,25.746553351907487,190.64202655891293,20.0
27.800000000000125,23.97380009608005,189.71609681322312,20.0
27.900000000000126,22.201046840252616,188.7901670675333,20.0
28.000000000000128,20.42829358442518,187.86423732184346,20.0
28.10000000000013,18.655540328597745,186.93830757615365,20.0
28.20000000000013,16.88278707277031,186.0123778304638,20.0
28.300000000000132,15.11003381694287,185.086448084774,20.0
28.400000000000134,14.5875309666888,184.81353873900485,20.0
28.500000000000135,15.012146280053075,182.85913298899885,20.0
28.600000000000136,15.436761593417351,180.90472723899285,20.0
28.700000000000138,15.861376906781627,178.95032148898684,20.0
28.80000000000014,16.285992220145904,176.99591573898084,20.0
28.90000000000014,16.710607533510178,175.04150998897484,20.0
29.000000000000142,17.135222846874452,173.08710423896883,20.0
29.100000000000144,17.559838160238726,171.13269848896283,20.0
29.200000000000145,17.93279945018722,169.41604422176343,20.0
29.300000000000146,19.38232903697658,168.03805148701397,20.0
29.400000000000148,20.83185862376594,166.66005875226452,20.0
29.50000000000015,22.2813882105553,165.28206601751506,20.0
29.60000000000015,23.73091779734466,163.9040732827656,20.0
29.700000000000152,25.18044738413402,162.52608054801615,20.0
29.800000000000153,26.62997697092338,161.1480878132667,20.0
29.900000000000155,28.07950655771274,159.77009507851724,20.0
30.000000000000156,29.529036144502104,158.3921023437678,20.0
30.100000000000158,30.978565731291468,157.01410960901833,20.0
30.20000000000016,32.42809531808083,155.63611687426888,20.0
30.30000000000016,33.87762490487019,154.25812413951942,20.0
30.400000000000162,35.327154491659556,152.88013140476997,20.0
30.500000000000163,36.77668407844892,151.5021386700205,20.0
30.600000000000165,38.22621366523829,150.12414593527106,20.0
30.700000000000166,39.67574325202766,148.7461532005216,20.0
30.800000000000168,41.125272838817025,147.36816046577218,20.0
30.90000000000017,42.57480242560639,145.99016773102272,20.0
31.00000000000017,44.02433201239576,144.6121749962733,20.0
31.100000000000172,44.52750984835119,144.13382987758598,20.0
31.200000000000173,42.5414619061859,143.8980045790681,20.0
31.300000000000175,40.555413964020616,143.66217928055022,20.0
31.400000000000176,38.56936602185533,143.42635398203234,20.0
31.500000000000178,36.583318079690045,143.19052868351446,20.0
31.60000000000018,34.59727013752476,142.95470338499658,20.0
31.70000000000018,32.611222195359474,142.7188780864787,20.0
31.800000000000182,30.625174253194192,142.48305278796082,20.0
31.900000000000183,28.63912631102891,142.24722748944293,20.0
32.000000000000185,26.65307836886363,142.01140219092505,20.0
32.100000000000186,24.667030426698346,141.77557689240717,20.0
32.20000000000019,22.680982484533065,141.5397515938893,20.0
32.30000000000019,20.694934542367783,141.3039262953714,20.0
32.40000000000019,18.7088866002025,141.06810099685353,20.0
32.50000000000019,16.72283865803722,140.83227569833565,20.0
32.60000000000019,14.736790715871935,140.59645039981777,20.0
32.700000000000195,12.750742773706651,140.3606251012999,20.0
32.800000000000196,10.764694831541368,140.124799802782,20.0
32.9000000000002,8.778646889376084,139.88897450426413,20.0
33.0000000000002,6.7925989472107995,139.65314920574627,20.0
33.1000000000002,6.108653889752736,139.57193689262908,20.0
33.2000000000002,6.108653889752736,139.57193689262908,20.0
33.3000000000002,6.137189806406395,137.57214047762562,20.0
33.400000000000205,6.165725723060055,135.57234406262216,20.0
33.500000000000206,6.194261639713714,133.5725476476187,20.0
33.60000000000021,6.222797556367373,131.57275123261525,20.0
33.70000000000021,6.251333473021033,129.5729548176118,20.0
33.80000000000021,6.279869389674692,127.57315840260831,20.0
33.90000000000021,6.3084053063283525,125.57336198760484,20.0
34.00000000000021,6.336941222982012,123.57356557260137,20.0
34.100000000000215,6.365477139635672,121.5737691575979,20.0
34.200000000000216,6.394013056289332,119.57397274259442,20.0
34.30000000000022,6.422548972942992,117.57417632759095,20.0
34.40000000000022,6.451084889596651,115.57437991258747,20.0
34.50000000000022,6.479620806250312,113.574583497584,20.0
34.60000000000022,6.508156722903971,111.57478708258053,20.0
34.70000000000022,6.536692639557631,109.57499066757705,20.0
34.800000000000225,6.565228556211291,107.57519425257358,20.0
34.900000000000226,6.593764472864951,105.57539783757011,20.0
35.00000000000023,6.62230038951861,103.57560142256663,20.0
35.10000000000023,6.650836306172271,101.57580500756316,20.0
35.20000000000023,6.679372222825931,99.57600859255969,20.0
35.30000000000023,6.70790813947959,97.57621217755622,20.0
35.40000000000023,6.73644405613325,95.57641576255274,20.0
35.500000000000234,6.76497997278691,93.57661934754927,20.0
35.600000000000236,6.79351588944057,91.5768229325458,20.0
35.70000000000024,6.82205180609423,89.57702651754232,20.0
35.80000000000024,6.85058772274789,87.57723010253885,20.0
35.90000000000024,6.879123639401549,85.57743368753538,20.0
36.00000000000024,6.90765955605521,83.5776372725319,20.0
36.10000000000024,6.936195472708869,81.57784085752843,20.0
36.200000000000244,6.964731389362529,79.57804444252496,20.0
36.300000000000246,6.993267306016189,77.57824802752148,20.0
36.40000000000025,7.021803222669849,75.57845161251801,20.0
36.50000000000025,7.050339139323508,73.57865519751454,20.0
36.60000000000025,7.078875055977169,71.57885878251106,20.0
36.70000000000025,7.107410972630828,69.57906236750759,20.0
36.80000000000025,7.135946889284488,67.57926595250412,20.0
36.900000000000254,7.164482805938149,65.57946953750064,20.0
37.000000000000256,7.193018722591808,63.57967312249717,20.0
37.10000000000026,7.221554639245468,61.579876707493696,20.0
37.20000000000026,7.222368781833522,61.522821612728315,20.0
37.30000000000026,8.73013107190069,60.208799970345126,20.0
37.40000000000026,10.237893361967856,58.89477832796194,20.0
37.50000000000026,11.745655652035024,57.58075668557875,20.0
37.600000000000264,13.253417942102192,56.26673504319556,20.0
37.700000000000266,14.76118023216936,54.95271340081237,20.0
37.80000000000027,16.26894252223653,53.63869175842918,20.0
37.90000000000027,17.776704812303695,52.32467011604599,20.0
38.00000000000027,19.28446710237086,51.010648473662805,20.0
38.10000000000027,20.792229392438028,49.696626831279616,20.0
38.20000000000027,22.299991682505194,48.38260518889643,20.0
38.300000000000274,23.80775397257236,47.06858354651324,20.0
38.400000000000276,25.315516262639527,45.75456190413005,20.0
38.50000000000028,26.823278552706693,44.44054026174686,20.0
38.60000000000028,28.33104084277386,43.12651861936367,20.0
38.70000000000028,29.838803132841026,41.81249697698048,20.0
38.80000000000028,31.346565422908192,40.498475334597295,20.0
38.90000000000028,32.85432771297536,39.184453692214106,20.0
39.000000000000284,34.36209000304253,37.87043204983092,20.0
39.100000000000286,35.8698522931097,36.55641040744773,20.0
39.20000000000029,37.37761458317687,35.24238876506454,20.0
39.30000000000029,38.88537687324404,33.92836712268135,20.0
39.40000000000029,40.39313916331121,32.61434548029816,20.0
39.50000000000029,41.90090145337838,31.300323837914974,20.0
39.60000000000029,43.40866374344555,29.986302195531785,20.0
39.700000000000294,44.91642603351272,28.672280553148596,20.0
39.800000000000296,46.42418832357989,27.358258910765407,20.0
39.9000000000003,47.93195061364706,26.04423726838222,20.0
40.0000000000003,49.43971290371423,24.73021562599903,20.0
40.1000000000003,50.9474751937814,23.41619398361584,20.0
40.2000000000003,52.45523748384857,22.102172341232652,20.0
40.3000000000003,53.96299977391574,20.788150698849464,20.0
40.400000000000304,55.47076206398291,19.474129056466275,20.0
40.500000000000306,56.97852435405008,18.160107414083086,20.0
40.60000000000031,57.15285720296032,18.008175549255657,20.0
40.70000000000031,57.15285720296032,18.008175549255657,20.0
40.80000000000031,59.1462454672823,17.845684849018937,20.0
40.90000000000031,61.13963373160428,17.683194148782217,20.0
41.00000000000031,63.133021995926256,17.520703448545497,20.0
41.100000000000314,65.12641026024824,17.358212748308777,20.0
41.200000000000315,67.11979852457021,17.195722048072057,20.0
41.30000000000032,69.1131867888922,17.033231347835336,20.0
41.40000000000032,70.85119237354753,16.891558122643534,20.0
41.50000000000032,70.85119237354753,16.891558122643534,20.0
41.60000000000032,71.84599787995604,18.626597604735892,20.0
41.70000000000032,72.84080338636456,20.36163708682825,20.0
41.800000000000324,73.83560889277307,22.096676568920607,20.0
41.900000000000325,74.83041439918158,23.831716051012965,20.0
42.00000000000033,75.82521990559009,25.566755533105322,20.0
42.10000000000033,76.8200254119986,27.30179501519768,20.0
42.20000000000033,77.81483091840711,29.036834497290037,20.0
42.30000000000033,78.80963642481562,30.771873979382395,20.0
42.40000000000033,79.80444193122413,32.50691346147475,20.0
42.500000000000334,80.79924743763264,34.241952943567114,20.0
42.600000000000335,81.79405294404116,35.976992425659475,20.0
42.70000000000034,82.78885845044967,37.712031907751836,20.0
42.80000000000034,83.78366395685818,39.4470713898442,20.0
42.90000000000034,84.77846946326669,41.18211087193656,20.0
43.00000000000034,85.7732749696752,42.91715035402892,20.0
43.10000000000034,86.76808047608371,44.65218983612128,20.0
43.200000000000344,87.76288598249222,46.38722931821364,20.0
43.300000000000345,88.75769148890073,48.122268800306,20.0
43.40000000000035,89.75249699530924,49.857308282398364,20.0
43.50000000000035,90.74730250171774,51.592347764490725,20.0
43.60000000000035,91.74210800812625,53.327387246583086,20.0
43.70000000000035,92.73691351453475,55.06242672867545,20.0
43.80000000000035,93.73171902094326,56.79746621076781,20.0
43.900000000000354,94.72652452735176,58.53250569286017,20.0
44.000000000000355,95.72133003376027,60.26754517495253,20.0
44.10000000000036,96.71613554016878,62.00258465704489,20.0
44.20000000000036,97.71094104657728,63.73762413913725,20.0
44.30000000000036,98.70574655298579,65.47266362122961,20.0
44.40000000000036,99.70055205939428,67.20770310332198,20.0
44.50000000000036,100.6953575658028,68.94274258541434,20.0
44.600000000000364,101.6901630722113,70.6777820675067,20.0
44.700000000000365,102.68496857861982,72.41282154959906,20.0
44.80000000000037,103.67977408502831,74.14786103169142,20.0
44.90000000000037,104.67457959143682,75.88290051378378,20.0
45.00000000000037,105.66938509784532,77.61793999587614,20.0
45.10000000000037,106.66419060425383,79.3529794779685,20.0
45.20000000000037,107.65899611066233,81.08801896006086,20.0
45.300000000000374,108.65380161707084,82.82305844215323,20.0
45.400000000000375,109.64860712347935,84.55809792424559,20.0
45.50000000000038,110.64341262988785,86.29313740633795,20.0
45.60000000000038,111.63821813629636,88.02817688843031,20.0
45.70000000000038,112.63302364270487,89.76321637052267,20.0
45.80000000000038,113.62782914911337,91.49825585261503,20.0
45.90000000000038,114.62263465552188,93.23329533470739,20.0
46.000000000000384,115.61744016193038,94.96833481679975,20.0
46.100000000000385,116.61224566833889,96.70337429889211,20.0
46.20000000000039,117.60705117474738,98.43841378098448,20.0
46.30000000000039,118.6018566811559,100.17345326307684,20.0
46.40000000000039,118.98388291324585,100.83974490662034,20.0
46.50000000000039,118.98388291324585,100.83974490662034,20.0
46.60000000000039,120.51504671265079,99.55306801656913,20.0
46.700000000000394,122.04621051205572,98.26639112651792,20.0
46.800000000000395,123.57737431146066,96.9797142364667,20.0
46.9000000000004,125.1085381108656,95.6930373464155,20.0
47.0000000000004,126.63970191027053,94.40636045636428,20.0
47.1000000000004,128.17086570967547,93.11968356631307,20.0
47.2000000000004,129.7020295090804,91.83300667626186,20.0
47.3000000000004,131.23319330848534,90.54632978621065,20.0
47.400000000000404,132.76435710789028,89.25965289615944,20.0
47.500000000000405,134.2955209072952,87.97297600610823,20.0
47.600000000000406,135.82668470670015,86.68629911605701,20.0
47.70000000000041,137.35784850610509,85.3996222260058,20.0
47.80000000000041,138.88901230551002,84.11294533595459,20.0
47.90000000000041,140.42017610491496,82.82626844590338,20.0
48.00000000000041,141.9513399043199,81.53959155585217,20.0
48.10000000000041,143.48250370372483,80.25291466580096,20.0
48.200000000000415,145.01366750312977,78.96623777574975,20.0
48.300000000000416,146.5448313025347,77.67956088569854,20.0
48.40000000000042,148.07599510193964,76.39288399564732,20.0
48.50000000000042,149.60715890134458,75.10620710559611,20.0
48.60000000000042,151.1383227007495,73.8195302155449,20.0
48.70000000000042,152.66948650015445,72.53285332549368,20.0
48.80000000000042,154.20065029955936,71.24617643544245,20.0
48.900000000000425,155.65397002492315,70.02491395182841,20.0
49.000000000000426,155.45061049239598,68.0352795883007,20.0
49.10000000000043,155.2472509598688,66.04564522477298,20.0
49.20000000000043,155.04389142734163,64.05601086124527,20.0
49.30000000000043,154.84053189481446,62.066376497717556,20.0
49.40000000000043,154.6371723622873,60.07674213418984,20.0
49.50000000000043,154.43381282976011,58.08710777066213,20.0
49.600000000000435,154.23045329723294,56.097473407134416,20.0
49.700000000000436,154.02709376470574,54.1078390436067,20.0
49.80000000000044,153.82373423217857,52.11820468007899,20.0
49.90000000000044,153.62037469965136,50.128570316551276,20.0
50.00000000000044,153.4170151671242,48.13893595302356,20.0
50.10000000000044,153.213655634597,46.14930158949585,20.0
50.20000000000044,153.01029610206982,44.159667225968136,20.0
50.300000000000445,152.80693656954261,42.17003286244042,20.0
50.400000000000446,152.60357703701544,40.18039849891271,20.0
50.50000000000045,152.40021750448824,38.190764135384995,20.0
50.60000000000045,152.19685797196107,36.20112977185728,20.0
50.70000000000045,151.99349843943386,34.21149540832957,20.0
50.80000000000045,151.7901389069067,32.221861044801855,20.0
50.90000000000045,151.5867793743795,30.232226681274145,20.0
51.000000000000455,151.42495613450657,28.64897619447676,20.0
51.100000000000456,151.42495613450657,28.64897619447676,20.0
51.20000000000046,153.412873513735,28.429466528717946,20.0
51.30000000000046,155.40079089296344,28.20995686295913,20.0
51.40000000000046,157.38870827219188,27.990447197200314,20.0
51.50000000000046,159.3766256514203,27.7709375314415,20.0
51.60000000000046,161.36454303064875,27.551427865682683,20.0
51.700000000000465,163.35246040987718,27.33191819992387,20.0
51.800000000000466,165.34037778910562,27.112408534165052,20.0
51.90000000000047,167.32829516833405,26.892898868406238,20.0
52.00000000000047,169.3162125475625,26.67338920264742,20.0
52.10000000000047,171.30412992679092,26.453879536888607,20.0
52.20000000000047,173.29204730601936,26.234369871129793,20.0
52.30000000000047,175.2799646852478,26.014860205370976,20.0
52.400000000000475,177.26788206447623,25.795350539612162,20.0
52.500000000000476,179.25579944370466,25.575840873853345,20.0
52.60000000000048,181.2437168229331,25.35633120809453,20.0
52.70000000000048,183.23163420216153,25.136821542335714,20.0
52.80000000000048,185.21955158138996,24.9173118765769,20.0
52.90000000000048,187.2074689606184,24.697802210818082,20.0
53.00000000000048,189.19538633984683,24.47829254505927,20.0
53.100000000000485,189.63089929213362,24.43020236606641,20.0
53.200000000000486,189.63089929213362,24.43020236606641,20.0
53.30000000000049,190.94138553211135,22.91936623503532,20.0
53.40000000000049,192.2518717720891,21.408530104004228,20.0
53.50000000000049,193.56235801206682,19.897693972973137,20.0
53.60000000000049,194.87284425204456,18.386857841942046,20.0
53.70000000000049,196.1833304920223,16.87602171091096,20.0
53.800000000000495,197.49381673200003,15.36518557987987,20.0
53.900000000000496,198.8043029719778,13.854349448848785,20.0
54.0000000000005,200.11478921195553,12.343513317817695,20.0
54.1000000000005,201.06552654959674,11.247425257516486,20.0
54.2000000000005,201.06552654959674,11.247425257516486,20.0
54.3000000000005,200.70333207280743,13.214355647993822,20.0
54.4000000000005,200.34113759601814,15.181286038471159,20.0
54.500000000000504,200.27200620567538,15.556710406635144,20.0
54.600000000000506,200.27200620567538,15.556710406635144,20.0
54.70000000000051,201.21317912550694,17.321418182720386,20.0
54.80000000000051,202.1543520453385,19.086125958805628,20.0
54.90000000000051,203.09552496517009,20.850833734890866,20.0
55.00000000000051,204.03669788500164,22.615541510976108,20.0
55.10000000000051,204.96504544646888,24.356201623598306,20.0
55.200000000000514,204.96504544646888,24.356201623598306,20.0
55.300000000000516,204.70517921787015,26.339247145827656,20.0
55.40000000000052,204.44531298927143,28.322292668057006,20.0
55.50000000000052,204.1854467606727,30.305338190286356,20.0
55.60000000000052,203.92558053207398,32.2883837125157,20.0
55.70000000000052,203.66571430347526,34.27142923474505,20.0
55.80000000000052,203.40584807487653,36.254474756974396,20.0
55.900000000000524,203.1459818462778,38.23752027920374,20.0
56.000000000000526,202.88611561767908,40.2205658014331,20.0
56.10000000000053,202.62624938908036,42.20361132366244,20.0
56.20000000000053,202.36638316048163,44.1866568458918,20.0
56.30000000000053,202.1065169318829,46.16970236812115,20.0
56.40000000000053,201.84665070328418,48.152747890350504,20.0
56.50000000000053,201.58678447468546,50.13579341257986,20.0
56.600000000000534,201.32691824608673,52.11883893480921,20.0
56.700000000000536,201.067052017488,54.101884457038565,20.0
56.80000000000054,201.00694191023393,54.560586150112336,20.0
56.90000000000054,201.00694191023393,54.560586150112336,20.0
57.00000000000054,202.6751231586373,55.66384102659168,20.0
57.10000000000054,204.34330440704065,56.76709590307103,20.0
57.20000000000054,206.011485655444,57.87035077955038,20.0
57.300000000000544,207.67966690384736,58.973605656029726,20.0
57.400000000000546,209.34784815225072,60.07686053250907,20.0
57.50000000000055,211.01602940065408,61.18011540898842,20.0
57.60000000000055,212.68421064905743,62.28337028546777,20.0
57.70000000000055,214.3523918974608,63.386625161947116,20.0
57.80000000000055,216.02057314586415,64.48988003842646,20.0
57.90000000000055,217.6887543942675,65.5931349149058,20.0
58.000000000000554,219.35693564267086,66.69638979138514,20.0
58.100000000000556,221.02511689107422,67.7996446678645,20.0
58.20000000000056,222.69329813947758,68.90289954434385,20.0
58.30000000000056,224.36147938788093,70.00615442082321,20.0
58.40000000000056,226.0296606362843,71.10940929730256,20.0
58.50000000000056,227.69784188468765,72.21266417378192,20.0
58.60000000000056,229.366023133091,73.31591905026127,20.0
58.700000000000564,231.03420438149436,74.41917392674063,20.0
58.800000000000566,232.70238562989772,75.52242880321998,20.0
58.90000000000057,234.37056687830108,76.62568367969934,20.0
59.00000000000057,236.03874812670443,77.72893855617869,20.0
59.10000000000057,237.7069293751078,78.83219343265804,20.0
59.20000000000057,239.37511062351112,79.9354483091374,20.0
59.30000000000057,241.04329187191448,81.03870318561675,20.0
59.400000000000574,242.71147312031783,82.14195806209611,20.0
59.500000000000576,244.3796543687212,83.24521293857546,20.0
59.60000000000058,246.04783561712452,84.34846781505482,20.0
59.70000000000058,247.71601686552788,85.45172269153416,20.0
59.80000000000058,249.3841981139312,86.55497756801351,20.0
59.90000000000058,251.05237936233456,87.65823244449285,20.0
60.00000000000058,252.49643389065446,88.61326068365804,20.0
60.100000000000584,252.49643389065446,88.61326068365804,20.0
60.200000000000585,252.49643389065446,88.61326068365804,20.0
60.30000000000059,252.49643389065446,88.61326068365804,20.0
60.40000000000059,252.49643389065446,88.61326068365804,20.0
60.50000000000059,252.49643389065446,88.61326068365804,20.0
60.60000000000059,252.49643389065446,88.61326068365804,20.0
60.70000000000059,252.49643389065446,88.61326068365804,20.0
60.800000000000594,252.49643389065446,88.61326068365804,20.0
60.900000000000595,252.49643389065446,88.61326068365804,20.0
